month,predicted_cost
2026-01,194783.03
2026-01,342239.33
2026-01,308579.31
2026-01,258033.51
2026-01,215093.62
2026-01,285269.35
2026-01,287536.03
2026-01,300154.33
2026-01,329782.17
2026-01,262642.6
2026-01,225815.8
2026-01,240898.95
2026-01,213546.04
2026-01,305672.33
2026-01,207736.66
2026-01,275238.01
2026-01,426792.51
2026-01,268263.21
2026-01,268072.6
2026-01,214729.56
2026-01,270814.06
2026-01,318296.77
2026-01,375786.19
2026-01,288374.25
2026-01,310583.43
2026-01,266583.59
2026-01,217171.22
2026-01,311299.59
2026-01,554241.69
2026-01,268807.51
2026-01,291997.68
2026-01,269890.92
2026-01,302676.53
2026-01,250696.56
2026-01,256096.54
2026-01,405752.94
2026-01,331124.04
2026-01,288953.01
2026-01,337945.42
2026-01,213178.49
2026-01,279167.85
2026-01,309529.48
2026-01,1333377.53
2026-01,426792.51
2026-01,269976.59
2026-01,293843.85
2026-01,257926.33
2026-01,245207.49
2026-01,309744.21
2026-01,280640.71
2026-01,211370.68
2026-01,227115.96
2026-01,309529.48
2026-01,281458.7
2026-01,271966.32
2026-01,268576.65
2026-01,1322768.3
2026-01,259330.44
2026-01,1022039.94
2026-01,254450.2
2026-01,217862.84
2026-01,286493.64
2026-01,286793.96
2026-01,199261.19
2026-01,259612.9
2026-01,239950.29
2026-01,216029.71
2026-01,341301.62
2026-01,268423.04
2026-01,209158.98
2026-01,1322768.3
2026-01,321212.57
2026-01,996457.85
2026-01,229658.82
2026-01,268576.65
2026-01,217355.06
2026-01,278581.23
2026-01,359836.47
2026-01,197780.67
2026-01,419878.75
2026-01,210755.92
2026-01,284261.77
2026-01,216013.45
2026-01,263480.48
2026-01,274164.12
2026-01,266575.48
2026-01,329540.82
2026-01,228139.54
2026-01,282235.18
2026-01,252596.39
2026-01,259069.76
2026-01,266541.04
2026-01,302021.35
2026-01,262266.81
2026-01,280033.17
2026-01,315698.16
2026-01,228936.0
2026-01,226935.95
2026-01,242823.02
2026-01,207627.24
2026-01,220332.49
2026-01,231764.02
2026-01,275139.75
2026-01,798776.83
2026-01,306168.5
2026-01,288087.17
2026-01,213954.32
2026-01,212978.0
2026-01,271303.66
2026-01,208231.7
2026-01,261607.4
2026-01,197122.34
2026-01,269650.93
2026-01,323480.66
2026-01,211007.63
2026-01,225904.61
2026-01,295738.55
2026-01,855838.57
2026-01,262009.86
2026-01,255448.35
2026-01,213101.65
2026-01,265479.43
2026-01,229217.96
2026-01,216160.4
2026-01,224893.44
2026-01,303338.83
2026-01,264060.71
2026-01,902717.22
2026-01,240610.79
2026-01,210913.81
2026-01,286230.33
2026-01,214176.71
2026-01,228084.3
2026-01,216149.34
2026-01,281607.5
2026-01,261786.16
2026-01,259607.67
2026-01,200461.66
2026-01,257274.35
2026-01,296476.54
2026-01,221372.04
2026-01,354326.04
2026-01,273771.57
2026-01,996457.85
2026-01,261825.14
2026-01,273261.04
2026-01,288041.63
2026-01,329798.55
2026-01,283059.29
2026-01,313067.47
2026-01,248220.53
2026-01,268576.65
2026-01,267296.18
2026-01,284469.16
2026-01,210049.03
2026-01,203823.74
2026-01,248202.99
2026-01,269111.31
2026-01,211356.68
2026-01,207492.7
2026-01,260640.83
2026-01,702711.92
2026-01,214012.84
2026-01,351873.94
2026-01,208988.64
2026-01,604223.26
2026-01,835648.33
2026-01,373840.71
2026-01,255124.07
2026-01,217308.98
2026-01,274583.39
2026-01,326087.98
2026-01,331837.0
2026-01,218268.56
2026-01,207444.08
2026-01,224432.03
2026-01,222008.97
2026-01,217214.46
2026-01,269150.54
2026-01,255374.23
2026-01,270606.06
2026-01,224063.43
2026-01,261682.26
2026-01,221187.47
2026-01,310465.92
2026-01,255690.93
2026-01,226274.03
2026-01,300719.12
2026-01,275496.67
2026-01,267231.97
2026-01,231872.49
2026-01,195110.27
2026-01,216587.87
2026-01,230394.25
2026-01,287995.76
2026-01,210239.06
2026-01,187702.87
2026-01,248807.11
2026-01,226177.66
2026-01,214760.95
2026-01,304916.62
2026-01,299212.31
2026-01,296824.96
2026-01,310804.25
2026-01,262386.03
2026-01,260725.93
2026-01,289115.73
2026-01,273261.04
2026-01,359884.44
2026-01,258555.37
2026-01,229468.93
2026-01,271726.71
2026-01,350956.75
2026-01,227025.33
2026-01,276814.61
2026-01,267476.88
2026-01,220428.37
2026-01,611235.7
2026-01,222843.66
2026-01,219171.24
2026-01,224917.94
2026-01,298506.98
2026-01,215830.15
2026-01,367667.19
2026-01,211021.61
2026-01,253475.68
2026-01,325203.93
2026-01,224704.67
2026-01,281143.97
2026-01,220964.04
2026-01,305779.34
2026-01,282694.22
2026-01,340658.91
2026-01,230339.14
2026-01,292703.71
2026-01,213884.32
2026-01,289277.73
2026-01,297840.01
2026-01,306553.6
2026-01,367040.93
2026-01,1048382.66
2026-01,271804.92
2026-01,277035.28
2026-01,221124.92
2026-01,229993.98
2026-01,268807.51
2026-01,811839.43
2026-01,287633.57
2026-01,244925.28
2026-01,308570.73
2026-01,327800.35
2026-01,203812.12
2026-01,323077.34
2026-01,301909.19
2026-01,224872.51
2026-01,215877.19
2026-01,284111.49
2026-01,272510.81
2026-01,789946.77
2026-01,239605.72
2026-01,243787.39
2026-01,287839.51
2026-01,278908.58
2026-01,302937.31
2026-01,251988.87
2026-01,229172.1
2026-01,231804.23
2026-01,219952.86
2026-01,1428231.44
2026-01,225613.6
2026-01,253181.46
2026-01,254450.2
2026-01,294194.72
2026-01,331380.78
2026-01,210884.16
2026-01,213531.24
2026-01,670581.26
2026-01,208304.35
2026-01,238907.27
2026-01,233447.79
2026-01,300411.35
2026-01,267320.25
2026-01,216918.83
2026-01,220872.78
2026-01,219431.27
2026-01,242589.99
2026-01,313328.84
2026-01,201472.54
2026-01,323406.0
2026-01,296562.64
2026-01,267024.02
2026-01,229658.82
2026-01,254450.2
2026-01,249338.37
2026-01,1330226.75
2026-01,265145.82
2026-01,301060.42
2026-01,415200.88
2026-01,280750.46
2026-01,206819.87
2026-01,267735.89
2026-01,208610.56
2026-01,306125.25
2026-01,275191.15
2026-01,285936.91
2026-01,718697.29
2026-01,296760.35
2026-01,285955.12
2026-01,285720.19
2026-01,255962.46
2026-01,296029.42
2026-01,277351.05
2026-01,237336.27
2026-01,227787.08
2026-01,250650.48
2026-01,221691.75
2026-01,232727.8
2026-01,620272.14
2026-01,330199.59
2026-01,341687.8
2026-01,314703.82
2026-01,338864.64
2026-01,369279.26
2026-01,327082.22
2026-01,202191.73
2026-01,198401.27
2026-01,225356.67
2026-01,341009.63
2026-01,249923.51
2026-01,187958.39
2026-01,266684.16
2026-01,215905.26
2026-01,375786.19
2026-01,405752.94
2026-01,321212.57
2026-01,337474.64
2026-01,200382.69
2026-01,269572.5
2026-01,204502.22
2026-01,230286.0
2026-01,303756.25
2026-01,277351.05
2026-01,287306.54
2026-01,210362.77
2026-01,330199.59
2026-01,278908.58
2026-01,212105.33
2026-01,282287.07
2026-01,261062.35
2026-01,237423.49
2026-01,206823.23
2026-01,321654.66
2026-01,264420.67
2026-01,818363.08
2026-01,209439.23
2026-01,290211.76
2026-01,1401465.32
2026-01,294548.83
2026-01,218716.16
2026-01,205654.45
2026-01,820084.58
2026-01,299646.46
2026-01,261153.4
2026-01,507556.03
2026-01,226654.15
2026-01,285731.87
2026-01,249940.93
2026-01,278087.41
2026-01,199703.1
2026-01,233608.42
2026-01,195110.27
2026-01,213102.02
2026-01,230747.1
2026-01,249478.26
2026-01,239752.47
2026-01,313977.99
2026-01,211000.14
2026-01,257475.22
2026-01,268743.01
2026-01,241333.1
2026-01,430694.56
2026-01,291956.74
2026-01,301070.73
2026-01,286453.72
2026-01,306249.66
2026-01,230580.72
2026-01,184855.28
2026-01,230339.14
2026-01,231311.92
2026-01,264537.97
2026-01,317024.08
2026-01,221330.12
2026-01,260751.6
2026-01,209231.88
2026-01,221912.15
2026-01,238997.03
2026-01,258285.8
2026-01,301070.73
2026-01,295738.55
2026-01,190570.91
2026-01,254829.83
2026-01,300111.31
2026-01,700220.87
2026-01,280531.1
2026-01,614638.22
2026-01,198812.22
2026-01,252979.18
2026-01,233707.37
2026-01,320946.86
2026-01,238790.83
2026-01,206860.12
2026-01,258007.13
2026-01,234789.73
2026-01,733974.18
2026-01,264888.96
2026-01,425695.07
2026-01,257547.11
2026-01,294356.13
2026-01,289835.33
2026-01,229551.88
2026-01,314103.45
2026-01,233881.71
2026-01,255292.74
2026-01,270544.47
2026-01,283555.37
2026-01,254543.84
2026-01,388567.97
2026-01,230919.42
2026-01,245942.19
2026-01,267704.36
2026-01,259305.71
2026-01,238116.84
2026-01,259606.35
2026-01,220964.04
2026-01,387431.75
2026-01,229601.34
2026-01,259330.44
2026-01,295407.6
2026-01,292998.44
2026-01,310465.92
2026-01,261561.4
2026-01,201393.6
2026-01,357473.69
2026-01,214546.95
2026-01,266855.61
2026-01,276980.99
2026-01,245548.89
2026-01,510107.7
2026-01,286296.33
2026-01,206656.43
2026-01,229453.4
2026-01,328223.63
2026-01,227025.33
2026-01,256044.82
2026-01,285921.08
2026-01,222933.96
2026-01,231554.32
2026-01,218199.67
2026-01,323700.51
2026-01,286159.78
2026-01,267476.88
2026-01,258347.75
2026-01,246324.45
2026-01,314796.51
2026-01,374951.37
2026-01,329457.9
2026-01,238313.86
2026-01,324564.29
2026-01,276550.53
2026-01,220180.65
2026-01,277463.51
2026-01,307143.94
2026-01,255201.06
2026-01,287128.9
2026-01,208485.14
2026-01,327138.94
2026-01,264867.03
2026-01,282223.01
2026-01,293798.06
2026-01,313328.84
2026-01,298516.08
2026-01,267462.81
2026-01,268264.87
2026-01,323077.34
2026-01,1045111.54
2026-01,274151.62
2026-01,307121.16
2026-01,207194.95
2026-01,260057.29
2026-01,355578.93
2026-01,314482.36
2026-01,229643.3
2026-01,268106.56
2026-01,241398.67
2026-01,273266.85
2026-01,268284.44
2026-01,227252.67
2026-01,195632.44
2026-01,253475.68
2026-01,240735.24
2026-01,285157.92
2026-01,264938.67
2026-01,313977.99
2026-01,245782.81
2026-01,295201.66
2026-01,302196.13
2026-01,338458.01
2026-01,652402.49
2026-01,225473.62
2026-01,338878.62
2026-01,264298.78
2026-01,301068.99
2026-01,255357.14
2026-01,891491.66
2026-01,262472.31
2026-01,221643.48
2026-01,210599.26
2026-01,256258.44
2026-01,243379.77
2026-01,313620.68
2026-01,222796.37
2026-01,255196.86
2026-01,243281.98
2026-01,258347.75
2026-01,277131.41
2026-01,247138.42
2026-01,236092.51
2026-01,285742.88
2026-01,302343.43
2026-01,271804.92
2026-01,282278.58
2026-01,820084.58
2026-01,290814.53
2026-01,210239.06
2026-01,273770.85
2026-01,220341.87
2026-01,273770.13
2026-01,269934.85
2026-01,254057.41
2026-01,737735.99
2026-01,192647.61
2026-01,277036.79
2026-01,215668.22
2026-01,220647.38
2026-01,272886.25
2026-01,269150.54
2026-01,218199.67
2026-01,219743.07
2026-01,243787.39
2026-01,194831.85
2026-01,232241.18
2026-01,201034.77
2026-01,197165.92
2026-01,296543.43
2026-01,269117.02
2026-01,214729.56
2026-01,232527.34
2026-01,279121.43
2026-01,217742.44
2026-01,320322.89
2026-01,215186.52
2026-01,209527.62
2026-01,259500.56
2026-01,300697.58
2026-01,220670.79
2026-01,282287.07
2026-01,246564.49
2026-01,309529.48
2026-01,224755.78
2026-01,312245.44
2026-01,340499.73
2026-01,199977.97
2026-01,202517.1
2026-01,281695.11
2026-01,317024.08
2026-01,354870.28
2026-01,199977.97
2026-01,242510.15
2026-01,358209.4
2026-01,258008.56
2026-01,333649.79
2026-01,241153.19
2026-01,236471.28
2026-01,702711.92
2026-01,229047.94
2026-01,268635.44
2026-01,333304.78
2026-01,265422.4
2026-01,235172.19
2026-01,402520.89
2026-01,275905.56
2026-01,463264.84
2026-01,275446.79
2026-01,230582.49
2026-01,270201.22
2026-01,330276.32
2026-01,217854.41
2026-01,208556.27
2026-01,399130.08
2026-01,232938.25
2026-01,252895.91
2026-01,252477.99
2026-01,281981.01
2026-01,217153.14
2026-01,221539.97
2026-01,292262.94
2026-01,219475.43
2026-01,290233.73
2026-01,197780.67
2026-01,233475.61
2026-01,222047.31
2026-01,302566.96
2026-01,258285.8
2026-01,220108.6
2026-01,267181.88
2026-01,290031.45
2026-01,220039.51
2026-01,253475.68
2026-01,255367.3
2026-01,252002.69
2026-01,241243.78
2026-01,298171.94
2026-01,232454.43
2026-01,294947.62
2026-01,215247.01
2026-01,260305.8
2026-01,270106.04
2026-01,222045.54
2026-01,269913.99
2026-01,310465.92
2026-01,207411.43
2026-01,232196.12
2026-01,216054.01
2026-01,259606.35
2026-01,373960.13
2026-01,207292.46
2026-01,220869.4
2026-01,350356.2
2026-01,197981.64
2026-01,329782.17
2026-01,308486.31
2026-01,261607.4
2026-01,295911.74
2026-01,221018.22
2026-01,330679.74
2026-01,287244.79
2026-01,267551.81
2026-01,762521.37
2026-01,235859.64
2026-01,228751.56
2026-01,196872.18
2026-01,263857.31
2026-01,298304.22
2026-01,192844.76
2026-01,817887.96
2026-01,255153.57
2026-01,377179.23
2026-01,277785.14
2026-01,204841.7
2026-01,324250.99
2026-01,218499.92
2026-01,496787.99
2026-01,278879.93
2026-01,259020.76
2026-01,331364.79
2026-01,308108.68
2026-01,288687.05
2026-01,205467.41
2026-01,251233.64
2026-01,272188.48
2026-01,302680.49
2026-01,457134.05
2026-01,288865.73
2026-01,284541.31
2026-01,210762.43
2026-01,240404.34
2026-01,225553.63
2026-01,2144695.13
2026-01,211148.82
2026-01,237235.61
2026-01,783523.93
2026-01,265145.82
2026-01,296747.53
2026-01,436951.07
2026-01,265572.51
2026-01,254543.84
2026-01,280681.05
2026-01,215247.01
2026-01,495601.0
2026-01,271396.12
2026-01,323406.0
2026-01,250801.01
2026-01,255985.22
2026-01,233707.37
2026-01,255445.37
2026-01,271141.96
2026-01,284368.27
2026-01,270226.55
2026-01,293843.85
2026-01,248807.11
2026-01,215165.89
2026-01,239315.85
2026-01,313244.02
2026-01,315731.34
2026-01,2099595.47
2026-01,256258.44
2026-01,338052.66
2026-01,242588.12
2026-01,484194.1
2026-01,299154.38
2026-01,213176.74
2026-01,334072.46
2026-01,263171.82
2026-01,972488.83
2026-01,252582.54
2026-01,268695.55
2026-01,346018.25
2026-01,214638.47
2026-01,268111.75
2026-01,255028.81
2026-01,254102.27
2026-01,239803.21
2026-01,275129.18
2026-01,217308.98
2026-01,223432.98
2026-01,475765.95
2026-01,229617.97
2026-01,205187.22
2026-01,216610.32
2026-01,328497.61
2026-01,197879.05
2026-01,212681.62
2026-01,316750.92
2026-01,252379.53
2026-01,217694.5
2026-01,308271.2
2026-01,374378.99
2026-01,309303.33
2026-01,306381.96
2026-01,254792.18
2026-01,211370.68
2026-01,279921.83
2026-01,232792.8
2026-01,224790.88
2026-01,285269.35
2026-01,311249.11
2026-01,206091.21
2026-01,227837.62
2026-01,295109.16
2026-01,805049.14
2026-01,662758.85
2026-01,223888.97
2026-01,266868.99
2026-01,851285.97
2026-01,258050.13
2026-01,284261.77
2026-01,796785.65
2026-01,276815.68
2026-01,252969.51
2026-01,426534.59
2026-01,272489.09
2026-01,216013.45
2026-01,946177.56
2026-01,218879.48
2026-01,196305.06
2026-01,272573.41
2026-01,262183.4
2026-01,754619.98
2026-01,259843.71
2026-01,210362.77
2026-01,253667.36
2026-01,243281.98
2026-01,286510.56
2026-01,229137.4
2026-01,260337.95
2026-01,321650.48
2026-01,276976.19
2026-01,403039.73
2026-01,330510.39
2026-01,232241.18
2026-01,260076.45
2026-01,272868.31
2026-01,203823.74
2026-01,390648.95
2026-01,266926.29
2026-01,313542.86
2026-01,327236.41
2026-01,363011.86
2026-01,279409.89
2026-01,280006.53
2026-01,236301.24
2026-01,280640.71
2026-01,337810.89
2026-01,231311.09
2026-01,198436.61
2026-01,254808.44
2026-01,256664.8
2026-01,2220667.33
2026-01,228197.82
2026-01,749627.0
2026-01,281955.54
2026-01,365539.96
2026-01,278462.03
2026-01,217410.26
2026-01,199435.44
2026-01,232317.69
2026-01,836955.57
2026-01,307728.58
2026-01,295860.4
2026-01,216379.53
2026-01,321001.93
2026-01,258054.39
2026-01,210884.16
2026-01,274528.27
2026-01,219743.07
2026-01,280006.53
2026-01,252424.14
2026-01,315080.32
2026-01,384624.05
2026-01,342670.55
2026-01,783523.93
2026-01,308998.99
2026-01,287087.09
2026-01,269727.41
2026-01,196305.06
2026-01,256182.23
2026-01,227888.95
2026-01,304417.99
2026-01,280201.88
2026-01,255772.52
2026-01,221191.47
2026-01,296918.7
2026-01,223365.68
2026-01,243584.44
2026-01,305752.07
2026-01,214180.0
2026-01,331234.92
2026-01,218839.61
2026-01,923461.06
2026-01,267315.32
2026-01,282223.01
2026-01,224432.03
2026-01,292466.78
2026-01,193233.19
2026-01,212105.33
2026-01,263966.74
2026-01,305672.33
2026-01,330353.52
2026-01,263368.43
2026-01,272639.2
2026-01,244711.98
2026-01,343625.99
2026-01,222272.37
2026-01,278359.63
2026-01,282093.5
2026-01,252851.33
2026-01,247769.67
2026-01,265870.48
2026-01,278581.23
2026-01,258621.0
2026-01,273178.07
2026-01,243304.0
2026-01,229477.14
2026-01,278322.7
2026-01,279555.8
2026-01,278089.83
2026-01,422637.03
2026-01,230786.82
2026-01,326824.95
2026-01,295860.4
2026-01,254118.56
2026-01,211488.15
2026-01,263626.61
2026-01,265104.09
2026-01,362702.69
2026-01,886255.99
2026-01,201738.13
2026-01,339869.5
2026-01,268932.11
2026-01,422637.03
2026-01,258965.4
2026-01,272497.54
2026-01,267212.97
2026-01,265495.5
2026-01,272634.42
2026-01,258183.73
2026-01,194606.53
2026-01,239030.34
2026-01,202381.2
2026-01,223469.69
2026-01,212545.97
2026-01,217854.41
2026-01,296192.06
2026-01,234293.6
2026-01,191991.98
2026-01,266397.2
2026-01,267181.88
2026-01,255445.89
2026-01,242354.02
2026-01,295600.81
2026-01,611235.7
2026-01,218794.08
2026-01,208444.21
2026-01,232196.12
2026-01,310718.9
2026-01,309050.56
2026-01,338864.64
2026-01,296192.06
2026-01,294484.74
2026-01,293532.75
2026-01,276238.25
2026-01,247505.11
2026-01,207596.48
2026-01,210531.76
2026-01,483630.95
2026-01,245279.34
2026-01,908576.59
2026-01,1414245.27
2026-01,252977.05
2026-01,204372.25
2026-01,211148.82
2026-01,267009.73
2026-01,221912.15
2026-01,276438.11
2026-01,295114.83
2026-01,218100.42
2026-01,312288.64
2026-01,221539.97
2026-01,268076.57
2026-01,268013.04
2026-01,267965.86
2026-01,294824.14
2026-01,241792.11
2026-01,279780.31
2026-01,268013.04
2026-01,215076.96
2026-01,278879.93
2026-01,287121.36
2026-01,269201.44
2026-01,231099.4
2026-01,208219.8
2026-01,285936.91
2026-01,274741.81
2026-01,210471.23
2026-01,217884.03
2026-01,314256.63
2026-01,902717.22
2026-01,223129.31
2026-01,198962.31
2026-01,300680.95
2026-01,882209.9
2026-01,217079.68
2026-01,803984.78
2026-01,287804.07
2026-01,260807.98
2026-01,427323.81
2026-01,258660.84
2026-01,387325.96
2026-01,224282.1
2026-01,292571.47
2026-01,217355.42
2026-01,222757.77
2026-01,292399.46
2026-01,263070.74
2026-01,297724.29
2026-01,253100.2
2026-01,266376.03
2026-01,517949.49
2026-01,223488.84
2026-01,272646.33
2026-01,226669.07
2026-01,283717.23
2026-01,315731.34
2026-01,272573.41
2026-01,253200.57
2026-01,299805.99
2026-01,270685.83
2026-01,254105.72
2026-01,210531.76
2026-01,224894.14
2026-01,261832.58
2026-01,196269.79
2026-01,284304.07
2026-01,334150.45
2026-01,309913.88
2026-01,258660.84
2026-01,216149.34
2026-01,215211.26
2026-01,306486.96
2026-01,312283.74
2026-01,224753.76
2026-01,220872.78
2026-01,262106.52
2026-01,273380.85
2026-01,291486.29
2026-01,333649.79
2026-01,214631.32
2026-01,817887.96
2026-01,236246.4
2026-01,199545.36
2026-02,263960.48
2026-02,217227.75
2026-02,253210.43
2026-02,295652.44
2026-02,211542.81
2026-02,283707.2
2026-02,224347.86
2026-02,297446.4
2026-02,258267.3
2026-02,294963.7
2026-02,259877.04
2026-02,254181.66
2026-02,214468.91
2026-02,212666.61
2026-02,225958.45
2026-02,284775.66
2026-02,1300038.0
2026-02,282458.93
2026-02,437854.51
2026-02,265836.11
2026-02,266916.41
2026-02,224450.16
2026-02,236841.09
2026-02,208143.75
2026-02,249826.88
2026-02,246441.08
2026-02,226391.7
2026-02,213128.92
2026-02,258246.09
2026-02,306360.35
2026-02,230464.0
2026-02,284928.79
2026-02,299624.03
2026-02,265944.47
2026-02,277407.61
2026-02,255528.41
2026-02,340241.6
2026-02,251500.55
2026-02,293282.45
2026-02,980756.77
2026-02,256959.05
2026-02,227427.22
2026-02,224656.4
2026-02,223519.51
2026-02,235489.46
2026-02,295556.71
2026-02,263182.79
2026-02,228845.53
2026-02,281233.87
2026-02,261201.41
2026-02,271726.0
2026-02,306425.03
2026-02,225362.28
2026-02,745962.99
2026-02,270601.0
2026-02,278006.39
2026-02,294226.52
2026-02,306201.56
2026-02,302927.87
2026-02,1714552.17
2026-02,284073.05
2026-02,223048.14
2026-02,820934.66
2026-02,291787.43
2026-02,345796.72
2026-02,270944.39
2026-02,268166.19
2026-02,263700.62
2026-02,670771.21
2026-02,252476.66
2026-02,245288.27
2026-02,268790.27
2026-02,305788.81
2026-02,253274.77
2026-02,228714.51
2026-02,288595.89
2026-02,319110.9
2026-02,269452.87
2026-02,357026.18
2026-02,249053.07
2026-02,964096.01
2026-02,411349.05
2026-02,255778.24
2026-02,303553.73
2026-02,236438.51
2026-02,312270.15
2026-02,272489.83
2026-02,316167.71
2026-02,272208.24
2026-02,266868.86
2026-02,384487.17
2026-02,330633.17
2026-02,232019.96
2026-02,1138022.67
2026-02,246939.55
2026-02,344159.71
2026-02,282832.2
2026-02,240691.24
2026-02,242189.58
2026-02,798500.49
2026-02,288338.2
2026-02,402503.31
2026-02,236571.18
2026-02,288367.17
2026-02,365526.12
2026-02,244567.06
2026-02,269856.77
2026-02,366276.05
2026-02,318714.6
2026-02,300689.49
2026-02,235068.93
2026-02,263954.13
2026-02,234651.55
2026-02,267897.34
2026-02,283972.24
2026-02,266038.01
2026-02,232665.12
2026-02,223407.98
2026-02,212171.96
2026-02,282989.23
2026-02,284950.32
2026-02,451260.24
2026-02,245373.62
2026-02,308537.91
2026-02,255490.54
2026-02,231027.88
2026-02,305066.62
2026-02,264153.5
2026-02,240186.18
2026-02,216682.27
2026-02,236519.77
2026-02,212144.56
2026-02,224891.75
2026-02,215050.83
2026-02,273694.75
2026-02,269128.8
2026-02,234002.53
2026-02,351985.83
2026-02,312901.24
2026-02,306188.39
2026-02,258251.43
2026-02,284009.49
2026-02,237434.95
2026-02,281462.45
2026-02,226250.37
2026-02,262394.74
2026-02,544613.1
2026-02,270937.48
2026-02,270061.58
2026-02,221206.0
2026-02,219706.38
2026-02,236958.1
2026-02,322110.47
2026-02,243085.31
2026-02,257200.35
2026-02,227424.47
2026-02,461253.88
2026-02,254674.52
2026-02,285759.72
2026-02,240785.23
2026-02,274054.91
2026-02,226250.37
2026-02,2034717.72
2026-02,257726.19
2026-02,258198.07
2026-02,278808.96
2026-02,259230.29
2026-02,282370.17
2026-02,332482.98
2026-02,208600.22
2026-02,261018.06
2026-02,330174.54
2026-02,267671.47
2026-02,266801.88
2026-02,302745.21
2026-02,335430.48
2026-02,233466.83
2026-02,262246.33
2026-02,301409.88
2026-02,204065.18
2026-02,317115.27
2026-02,1070860.95
2026-02,300505.16
2026-02,333158.59
2026-02,287282.38
2026-02,223441.27
2026-02,275318.47
2026-02,827622.0
2026-02,254952.58
2026-02,216075.94
2026-02,392237.15
2026-02,261006.18
2026-02,211954.64
2026-02,284628.44
2026-02,224662.52
2026-02,253301.29
2026-02,367578.05
2026-02,270395.24
2026-02,285626.95
2026-02,271788.89
2026-02,240682.44
2026-02,304450.11
2026-02,275334.1
2026-02,258817.33
2026-02,269577.67
2026-02,324878.39
2026-02,442989.64
2026-02,277793.93
2026-02,255298.64
2026-02,1204691.81
2026-02,1086220.35
2026-02,560109.36
2026-02,202723.97
2026-02,249919.34
2026-02,216268.03
2026-02,233876.27
2026-02,286670.31
2026-02,199833.44
2026-02,227716.41
2026-02,268758.09
2026-02,224189.15
2026-02,221233.17
2026-02,258311.68
2026-02,201827.1
2026-02,235609.88
2026-02,209269.9
2026-02,291139.51
2026-02,216870.88
2026-02,240616.71
2026-02,261321.24
2026-02,238380.82
2026-02,235422.19
2026-02,253668.37
2026-02,423455.25
2026-02,303212.89
2026-02,242244.43
2026-02,244387.99
2026-02,203299.46
2026-02,273777.08
2026-02,231700.12
2026-02,283819.25
2026-02,252945.8
2026-02,283371.12
2026-02,225491.0
2026-02,276480.17
2026-02,310556.3
2026-02,219429.31
2026-02,338800.3
2026-02,299589.26
2026-02,246670.4
2026-02,231094.08
2026-02,366414.41
2026-02,349293.98
2026-02,275134.02
2026-02,218647.24
2026-02,330373.28
2026-02,276137.08
2026-02,224461.38
2026-02,269631.0
2026-02,230071.77
2026-02,232009.09
2026-02,280436.67
2026-02,217892.31
2026-02,279732.47
2026-02,201318.21
2026-02,252447.64
2026-02,223969.44
2026-02,250061.69
2026-02,217518.44
2026-02,233350.29
2026-02,278531.75
2026-02,220260.99
2026-02,333338.39
2026-02,392290.99
2026-02,355370.07
2026-02,791418.9
2026-02,222246.29
2026-02,229138.24
2026-02,287641.96
2026-02,215130.92
2026-02,270908.9
2026-02,228248.15
2026-02,191935.83
2026-02,297499.59
2026-02,639487.72
2026-02,218915.7
2026-02,265128.53
2026-02,265892.29
2026-02,319386.9
2026-02,278808.96
2026-02,269293.16
2026-02,223832.73
2026-02,208988.43
2026-02,277650.47
2026-02,254781.26
2026-02,257746.11
2026-02,269413.13
2026-02,273111.76
2026-02,223261.93
2026-02,304748.88
2026-02,288201.96
2026-02,272758.03
2026-02,540750.81
2026-02,361368.71
2026-02,281553.17
2026-02,276254.28
2026-02,340875.88
2026-02,257726.19
2026-02,307208.21
2026-02,248931.37
2026-02,219706.38
2026-02,284580.81
2026-02,260378.99
2026-02,324979.99
2026-02,214889.85
2026-02,278060.1
2026-02,231690.68
2026-02,200195.23
2026-02,392237.15
2026-02,294226.52
2026-02,246512.36
2026-02,217382.56
2026-02,201454.02
2026-02,225618.82
2026-02,193317.69
2026-02,919729.8
2026-02,285765.92
2026-02,289179.43
2026-02,227017.56
2026-02,207767.88
2026-02,304690.43
2026-02,319548.29
2026-02,287851.27
2026-02,199699.76
2026-02,309192.29
2026-02,309102.17
2026-02,266367.73
2026-02,265516.22
2026-02,197729.23
2026-02,302859.25
2026-02,257115.12
2026-02,1080311.21
2026-02,200484.1
2026-02,224662.52
2026-02,304327.14
2026-02,248439.39
2026-02,221210.82
2026-02,221021.0
2026-02,213222.01
2026-02,275492.46
2026-02,286455.64
2026-02,281988.72
2026-02,251818.49
2026-02,249130.21
2026-02,237987.26
2026-02,2034717.72
2026-02,200187.42
2026-02,260881.86
2026-02,228480.2
2026-02,220320.56
2026-02,222529.15
2026-02,340472.47
2026-02,203329.44
2026-02,265920.4
2026-02,283670.05
2026-02,278861.02
2026-02,281434.74
2026-02,230286.11
2026-02,313997.91
2026-02,292030.42
2026-02,269525.87
2026-02,623150.27
2026-02,308194.43
2026-02,266936.25
2026-02,239421.83
2026-02,364199.59
2026-02,262578.08
2026-02,262246.33
2026-02,222208.9
2026-02,336621.63
2026-02,299813.99
2026-02,258606.59
2026-02,288753.53
2026-02,225958.45
2026-02,549380.08
2026-02,964096.01
2026-02,268236.22
2026-02,741945.94
2026-02,226806.07
2026-02,235978.79
2026-02,1088435.58
2026-02,283170.81
2026-02,232665.12
2026-02,213415.86
2026-02,317115.27
2026-02,300790.42
2026-02,264065.89
2026-02,335258.22
2026-02,255310.22
2026-02,278737.14
2026-02,278799.13
2026-02,265644.19
2026-02,214284.77
2026-02,739907.66
2026-02,194479.95
2026-02,298932.78
2026-02,333158.59
2026-02,221208.59
2026-02,254845.72
2026-02,256469.2
2026-02,218028.9
2026-02,627880.46
2026-02,269815.67
2026-02,276506.76
2026-02,266787.37
2026-02,291032.49
2026-02,194080.88
2026-02,214485.06
2026-02,249371.81
2026-02,221676.58
2026-02,216870.88
2026-02,297393.95
2026-02,234184.86
2026-02,329983.8
2026-02,295920.53
2026-02,211585.29
2026-02,309607.1
2026-02,282736.85
2026-02,241852.59
2026-02,907845.41
2026-02,238433.84
2026-02,255885.94
2026-02,277482.01
2026-02,208395.84
2026-02,324803.57
2026-02,300935.08
2026-02,296808.7
2026-02,302646.0
2026-02,292758.79
2026-02,291697.48
2026-02,218215.84
2026-02,280897.17
2026-02,259232.24
2026-02,283509.74
2026-02,232602.83
2026-02,430902.57
2026-02,258626.72
2026-02,218708.6
2026-02,280065.82
2026-02,255520.81
2026-02,197729.23
2026-02,209597.25
2026-02,281311.62
2026-02,283819.25
2026-02,313997.91
2026-02,292985.02
2026-02,253489.25
2026-02,268913.72
2026-02,218595.37
2026-02,317122.46
2026-02,285374.53
2026-02,205403.57
2026-02,266916.41
2026-02,228572.75
2026-02,919729.8
2026-02,216466.23
2026-02,200187.42
2026-02,556019.63
2026-02,252387.0
2026-02,214395.64
2026-02,279147.14
2026-02,255202.24
2026-02,328535.61
2026-02,205547.25
2026-02,471766.21
2026-02,236841.09
2026-02,282443.83
2026-02,223695.67
2026-02,193947.31
2026-02,216682.27
2026-02,231278.14
2026-02,287129.88
2026-02,230158.76
2026-02,285045.7
2026-02,262105.27
2026-02,233693.99
2026-02,239908.34
2026-02,265012.2
2026-02,257993.37
2026-02,273522.23
2026-02,1229373.31
2026-02,217142.35
2026-02,267904.97
2026-02,1658463.03
2026-02,328918.81
2026-02,218096.73
2026-02,255931.91
2026-02,277798.35
2026-02,265297.54
2026-02,220392.5
2026-02,248769.37
2026-02,262756.26
2026-02,284775.66
2026-02,258306.83
2026-02,219040.21
2026-02,235168.67
2026-02,275318.47
2026-02,397819.4
2026-02,219873.96
2026-02,277010.47
2026-02,277407.19
2026-02,209041.09
2026-02,390919.84
2026-02,232424.76
2026-02,207506.86
2026-02,230123.08
2026-02,265554.79
2026-02,231803.58
2026-02,237987.26
2026-02,233503.22
2026-02,215199.5
2026-02,255023.31
2026-02,264247.03
2026-02,279629.9
2026-02,286793.53
2026-02,251653.4
2026-02,265768.85
2026-02,300646.49
2026-02,336153.68
2026-02,1050875.53
2026-02,257115.12
2026-02,224511.94
2026-02,350898.29
2026-02,233800.88
2026-02,293223.07
2026-02,309429.49
2026-02,326141.89
2026-02,259994.17
2026-02,223069.13
2026-02,213915.06
2026-02,223519.51
2026-02,346342.6
2026-02,340441.21
2026-02,859353.76
2026-02,268470.98
2026-02,254827.81
2026-02,240732.71
2026-02,227990.75
2026-02,255699.83
2026-02,301987.05
2026-02,257092.84
2026-02,240628.05
2026-02,281333.32
2026-02,278360.14
2026-02,201318.21
2026-02,275596.53
2026-02,280729.53
2026-02,213546.57
2026-02,369461.71
2026-02,299493.89
2026-02,300668.86
2026-02,228770.8
2026-02,200520.49
2026-02,225971.54
2026-02,235778.41
2026-02,225623.21
2026-02,330373.28
2026-02,282650.16
2026-02,303619.25
2026-02,287542.18
2026-02,269941.12
2026-02,1370838.68
2026-02,415804.98
2026-02,288174.58
2026-02,253301.29
2026-02,221021.0
2026-02,324060.29
2026-02,306538.38
2026-02,278360.14
2026-02,231257.49
2026-02,284315.74
2026-02,270929.39
2026-02,209582.74
2026-02,209182.88
2026-02,193947.31
2026-02,220050.66
2026-02,205631.89
2026-02,265347.17
2026-02,265649.61
2026-02,213709.77
2026-02,302541.15
2026-02,292665.38
2026-02,223081.29
2026-02,227335.49
2026-02,300756.49
2026-02,220709.37
2026-02,203674.85
2026-02,1091111.96
2026-02,335419.58
2026-02,308171.22
2026-02,283012.54
2026-02,268054.71
2026-02,299609.12
2026-02,231094.08
2026-02,214817.64
2026-02,278529.78
2026-02,302536.25
2026-02,306266.12
2026-02,223925.31
2026-02,216638.57
2026-02,308952.67
2026-02,220031.61
2026-02,213559.11
2026-02,231289.48
2026-02,253622.45
2026-02,225084.98
2026-02,310604.43
2026-02,292328.42
2026-02,213588.32
2026-02,363488.39
2026-02,286670.31
2026-02,1025113.25
2026-02,300034.32
2026-02,333933.71
2026-02,222529.15
2026-02,299818.91
2026-02,353404.22
2026-02,218702.1
2026-02,259830.61
2026-02,378310.42
2026-02,255310.22
2026-02,341950.51
2026-02,261201.41
2026-02,269941.12
2026-02,268821.52
2026-02,316125.84
2026-02,315072.12
2026-02,271726.0
2026-02,367578.05
2026-02,264632.55
2026-02,575316.63
2026-02,323654.79
2026-02,273756.76
2026-02,216212.76
2026-02,233693.99
2026-02,260876.21
2026-02,269242.54
2026-02,207431.04
2026-02,699419.03
2026-02,207247.03
2026-02,202232.95
2026-02,280065.82
2026-02,243545.05
2026-02,316070.64
2026-02,218743.91
2026-02,311709.91
2026-02,292111.71
2026-02,229806.09
2026-02,359125.62
2026-02,282735.6
2026-02,208708.31
2026-02,252845.73
2026-02,226391.7
2026-02,263027.11
2026-02,319464.33
2026-02,1027973.49
2026-02,297781.02
2026-02,214892.13
2026-02,259390.58
2026-02,349556.9
2026-02,213588.32
2026-02,218758.14
2026-02,230359.55
2026-02,362289.21
2026-02,259830.54
2026-02,284628.44
2026-02,290384.82
2026-02,260300.51
2026-02,267428.04
2026-02,258626.47
2026-02,284138.48
2026-02,217420.8
2026-02,218835.13
2026-02,201454.02
2026-02,460616.2
2026-02,241374.33
2026-02,324483.07
2026-02,262735.2
2026-02,245779.69
2026-02,299528.24
2026-02,359467.24
2026-02,233856.92
2026-02,277651.63
2026-02,277282.18
2026-02,260987.05
2026-02,304296.01
2026-02,281482.89
2026-02,261838.65
2026-02,286349.21
2026-02,222155.3
2026-02,306188.39
2026-02,262434.67
2026-02,218647.24
2026-02,252845.73
2026-02,319487.53
2026-02,266637.61
2026-02,247174.14
2026-02,267671.47
2026-02,242266.32
2026-02,881009.96
2026-02,296662.86
2026-02,317990.27
2026-02,252294.18
2026-02,281515.25
2026-02,666282.7
2026-02,343127.65
2026-02,224494.8
2026-02,224814.48
2026-02,297892.78
2026-02,236795.06
2026-02,319045.33
2026-02,275718.33
2026-02,313863.56
2026-02,279382.53
2026-02,223744.82
2026-02,329460.7
2026-02,221208.59
2026-02,309290.53
2026-02,235406.89
2026-02,205547.25
2026-02,224662.52
2026-02,239806.13
2026-02,292546.98
2026-02,260881.86
2026-02,288753.53
2026-02,274842.8
2026-02,319487.53
2026-02,237938.86
2026-02,308250.89
2026-02,717893.77
2026-02,228382.92
2026-02,649722.48
2026-02,1300038.0
2026-02,291769.99
2026-02,560466.52
2026-02,196495.66
2026-02,206617.17
2026-02,224388.81
2026-02,343127.65
2026-02,213914.04
2026-02,277225.98
2026-02,1176559.07
2026-02,268166.19
2026-02,263502.64
2026-02,919729.8
2026-02,255240.05
2026-02,255662.3
2026-02,217029.31
2026-02,344857.64
2026-02,307208.21
2026-02,223519.51
2026-02,290750.35
2026-02,260378.99
2026-02,220392.5
2026-02,202770.49
2026-02,207398.56
2026-02,307081.74
2026-02,282772.92
2026-02,317416.5
2026-02,285346.0
2026-02,314637.1
2026-02,277002.53
2026-02,275093.78
2026-02,212577.26
2026-02,1242502.35
2026-02,212572.24
2026-02,222796.08
2026-02,281378.26
2026-02,278529.78
2026-02,263601.42
2026-02,298371.84
2026-02,252067.45
2026-02,461955.44
2026-02,337234.14
2026-02,367693.71
2026-02,305788.81
2026-02,214525.47
2026-02,250687.96
2026-02,265649.61
2026-02,311795.05
2026-02,276479.28
2026-02,261718.58
2026-02,285498.96
2026-02,220722.19
2026-02,313441.09
2026-02,210363.35
2026-02,274511.61
2026-02,302899.31
2026-02,253546.81
2026-02,255832.48
2026-02,311633.07
2026-02,928125.6
2026-02,268254.87
2026-02,273661.94
2026-02,256980.6
2026-02,208077.41
2026-02,858617.59
2026-02,231337.73
2026-02,234342.18
2026-02,511833.95
2026-02,284712.89
2026-02,234235.55
2026-02,216946.44
2026-02,276344.03
2026-02,222070.61
2026-02,213531.12
2026-02,734355.83
2026-02,305167.58
2026-02,226709.55
2026-02,315808.23
2026-02,197687.14
2026-02,264205.82
2026-02,285045.7
2026-02,285856.37
2026-02,227560.57
2026-02,254400.49
2026-02,306343.21
2026-02,314380.93
2026-02,346748.44
2026-02,223048.14
2026-02,355677.08
2026-02,227754.32
2026-02,261305.64
2026-02,254720.98
2026-02,980756.77
2026-02,220580.09
2026-02,366276.05
2026-02,329707.45
2026-02,226520.3
2026-02,255925.2
2026-02,251050.47
2026-02,199423.76
2026-02,217437.31
2026-02,262858.91
2026-02,237723.96
2026-02,220031.61
2026-02,235008.33
2026-02,208374.23
2026-02,275569.94
2026-02,317258.24
2026-02,1181014.86
2026-02,217755.14
2026-02,266084.69
2026-02,200520.49
2026-02,278579.1
2026-02,220364.56
2026-02,399607.12
2026-02,238635.87
2026-02,293546.09
2026-02,1204691.81
2026-02,196422.36
2026-02,858619.75
2026-02,256531.15
2026-02,269276.08
2026-02,292774.88
2026-02,209233.4
2026-02,439197.25
2026-02,261157.54
2026-02,310561.39
2026-02,242942.23
2026-02,263750.37
2026-02,312941.35
2026-02,213742.27
2026-02,275078.95
2026-02,216256.6
2026-02,294452.34
2026-02,275667.13
2026-02,371427.19
2026-02,244387.99
2026-02,222852.64
2026-02,303446.39
2026-02,305066.62
2026-02,937198.7
2026-02,451260.24
2026-02,236233.42
2026-02,288585.86
2026-02,225958.45
2026-02,345411.35
2026-02,323432.05
2026-02,237904.01
2026-02,303366.06
2026-02,726909.72
2026-02,283458.78
2026-02,292664.32
2026-02,201986.43
2026-02,222195.29
2026-02,220031.61
2026-02,214942.3
2026-02,285128.26
2026-02,439197.25
2026-02,293216.71
2026-02,274133.2
2026-02,299624.03
2026-02,208036.21
2026-02,367693.71
2026-02,213588.32
2026-02,240175.52
2026-02,248419.99
2026-02,286559.11
2026-02,262199.85
2026-02,604373.36
2026-02,212363.6
2026-02,254609.66
2026-02,335430.48
2026-02,250936.98
2026-02,302555.03
2026-02,254998.77
2026-02,231354.39
2026-02,324400.06
2026-02,267227.05
2026-02,197687.14
2026-02,206083.3
2026-02,218279.79
2026-02,229807.76
2026-02,203329.44
2026-02,310006.33
2026-02,303708.08
2026-02,284760.03
2026-02,294963.7
2026-02,218758.14
2026-02,283330.48
2026-02,329526.49
2026-02,266710.27
2026-02,237712.62
2026-02,367484.86
2026-02,276516.31
2026-02,344667.24
2026-02,294185.67
2026-02,291821.75
2026-02,218708.6
2026-02,228248.15
2026-02,645945.27
2026-02,261786.18
2026-02,276153.41
2026-02,228960.5
2026-02,228770.8
2026-02,279732.47
2026-02,349651.04
2026-02,208942.39
2026-02,255138.58
2026-02,219026.67
2026-02,230158.76
2026-02,261766.09
2026-02,207567.45
2026-02,269776.8
2026-02,222070.61
2026-02,304434.03
2026-02,201086.47
2026-02,306322.05
2026-02,340472.47
2026-02,294185.67
2026-02,749137.31
2026-02,264153.5
2026-02,263620.99
2026-02,241984.85
2026-02,222796.08
2026-02,562290.7
2026-02,378415.46
2026-02,288174.58
2026-02,220704.11
2026-02,224388.81
2026-02,329094.61
2026-02,259830.61
2026-02,235249.1
2026-02,260225.93
2026-02,282668.75
2026-02,243256.73
2026-02,304728.91
2026-02,265098.06
2026-02,298893.71
2026-02,271071.65
2026-02,255962.32
2026-02,487364.63
2026-02,309169.83
2026-02,291676.36
2026-02,312811.47
2026-02,253639.11
2026-02,310671.25
2026-02,221429.87
2026-02,277712.31
2026-02,252785.18
2026-02,211033.64
2026-02,415823.64
2026-02,271242.17
2026-02,223287.26
2026-02,287602.99
2026-02,258497.83
2026-02,256288.5
2026-02,222704.91
2026-02,264561.96
2026-03,212120.92
2026-03,209671.4
2026-03,322694.06
2026-03,306499.59
2026-03,229890.72
2026-03,241295.17
2026-03,228569.66
2026-03,239122.8
2026-03,232264.07
2026-03,216086.27
2026-03,254752.37
2026-03,296623.86
2026-03,282105.61
2026-03,255138.82
2026-03,285773.94
2026-03,352875.58
2026-03,231672.57
2026-03,219716.84
2026-03,273508.58
2026-03,269253.37
2026-03,394706.25
2026-03,263776.96
2026-03,206942.3
2026-03,276931.22
2026-03,256219.99
2026-03,259706.94
2026-03,258759.57
2026-03,270626.25
2026-03,262132.81
2026-03,264083.14
2026-03,658412.57
2026-03,208587.13
2026-03,273794.72
2026-03,209344.81
2026-03,298836.14
2026-03,317078.39
2026-03,318857.9
2026-03,347485.62
2026-03,1462322.68
2026-03,424528.84
2026-03,232260.41
2026-03,263014.99
2026-03,291132.79
2026-03,265239.05
2026-03,292391.48
2026-03,216765.53
2026-03,225451.14
2026-03,255480.56
2026-03,234203.59
2026-03,950898.12
2026-03,282972.11
2026-03,292282.32
2026-03,261729.89
2026-03,282957.62
2026-03,213012.06
2026-03,306674.06
2026-03,238736.34
2026-03,279062.9
2026-03,439535.26
2026-03,260038.99
2026-03,308408.24
2026-03,213973.32
2026-03,362016.05
2026-03,221058.93
2026-03,209644.97
2026-03,272831.66
2026-03,225401.42
2026-03,336893.27
2026-03,868143.78
2026-03,190042.65
2026-03,212874.24
2026-03,296424.0
2026-03,284398.57
2026-03,225704.82
2026-03,389422.48
2026-03,212874.24
2026-03,282416.09
2026-03,314769.4
2026-03,254116.32
2026-03,268924.26
2026-03,258160.48
2026-03,334463.54
2026-03,300387.34
2026-03,208687.74
2026-03,266682.03
2026-03,385853.58
2026-03,292390.7
2026-03,215259.1
2026-03,224909.47
2026-03,284416.97
2026-03,267910.98
2026-03,345168.72
2026-03,220599.41
2026-03,265177.58
2026-03,216666.14
2026-03,223075.95
2026-03,276931.22
2026-03,233602.97
2026-03,259223.97
2026-03,327485.44
2026-03,278588.83
2026-03,239093.01
2026-03,210432.91
2026-03,201823.15
2026-03,263581.22
2026-03,294659.31
2026-03,302863.82
2026-03,292860.0
2026-03,254953.15
2026-03,261151.71
2026-03,985177.24
2026-03,288777.86
2026-03,301259.65
2026-03,254957.33
2026-03,254538.79
2026-03,289301.2
2026-03,264148.07
2026-03,238663.88
2026-03,226074.15
2026-03,1096800.15
2026-03,283053.72
2026-03,225875.13
2026-03,220192.16
2026-03,259345.57
2026-03,277798.34
2026-03,298114.77
2026-03,224848.09
2026-03,266443.03
2026-03,307746.97
2026-03,231416.32
2026-03,208687.74
2026-03,256617.57
2026-03,217395.12
2026-03,285430.01
2026-03,388248.89
2026-03,301007.38
2026-03,266885.31
2026-03,247765.11
2026-03,231676.04
2026-03,243290.61
2026-03,303045.34
2026-03,277100.87
2026-03,223118.85
2026-03,287519.26
2026-03,799338.65
2026-03,209344.81
2026-03,275704.52
2026-03,311695.55
2026-03,287037.11
2026-03,295434.39
2026-03,268056.06
2026-03,277349.2
2026-03,318970.37
2026-03,1368598.81
2026-03,239932.88
2026-03,293784.58
2026-03,231607.71
2026-03,311624.94
2026-03,323446.18
2026-03,213520.77
2026-03,275254.49
2026-03,259651.84
2026-03,380472.63
2026-03,242076.22
2026-03,226074.15
2026-03,263600.67
2026-03,271480.37
2026-03,312429.4
2026-03,254826.35
2026-03,254752.37
2026-03,277764.78
2026-03,241948.57
2026-03,271480.37
2026-03,242068.82
2026-03,224689.29
2026-03,657504.15
2026-03,281016.31
2026-03,218532.09
2026-03,212081.21
2026-03,275106.72
2026-03,256172.15
2026-03,373680.28
2026-03,272847.85
2026-03,332291.19
2026-03,367934.03
2026-03,228639.91
2026-03,272174.39
2026-03,211981.5
2026-03,248137.57
2026-03,332512.02
2026-03,340320.61
2026-03,251443.36
2026-03,209671.4
2026-03,231198.98
2026-03,339439.66
2026-03,319267.26
2026-03,1181642.32
2026-03,186846.07
2026-03,223599.61
2026-03,269552.76
2026-03,222767.8
2026-03,293662.22
2026-03,279249.6
2026-03,253742.53
2026-03,388573.81
2026-03,280355.17
2026-03,322886.99
2026-03,244260.72
2026-03,240464.74
2026-03,279175.54
2026-03,244098.46
2026-03,218710.91
2026-03,301086.64
2026-03,315558.94
2026-03,313883.21
2026-03,277157.05
2026-03,345651.09
2026-03,236400.29
2026-03,306540.18
2026-03,226065.61
2026-03,319718.85
2026-03,365474.06
2026-03,321942.36
2026-03,294512.69
2026-03,223411.61
2026-03,322261.74
2026-03,237791.69
2026-03,1098603.51
2026-03,269071.06
2026-03,300048.06
2026-03,222210.07
2026-03,218348.57
2026-03,293838.51
2026-03,241739.68
2026-03,265332.17
2026-03,196648.97
2026-03,301943.46
2026-03,310524.7
2026-03,261959.44
2026-03,309649.63
2026-03,309190.84
2026-03,259262.65
2026-03,238026.62
2026-03,276095.55
2026-03,303045.34
2026-03,209264.47
2026-03,240843.31
2026-03,685658.87
2026-03,200302.71
2026-03,236212.81
2026-03,280921.29
2026-03,613119.26
2026-03,276868.71
2026-03,210121.06
2026-03,257917.99
2026-03,263288.64
2026-03,291779.74
2026-03,331901.23
2026-03,230742.33
2026-03,249366.01
2026-03,263251.1
2026-03,308024.34
2026-03,302458.15
2026-03,189350.35
2026-03,359957.46
2026-03,283469.11
2026-03,303872.58
2026-03,229486.63
2026-03,311878.41
2026-03,234452.94
2026-03,261363.72
2026-03,229931.29
2026-03,282848.32
2026-03,296664.03
2026-03,321041.66
2026-03,290077.47
2026-03,649958.38
2026-03,315359.81
2026-03,321700.05
2026-03,294292.67
2026-03,276303.98
2026-03,227106.08
2026-03,349536.26
2026-03,330729.36
2026-03,258248.61
2026-03,303294.94
2026-03,282729.58
2026-03,277800.56
2026-03,192238.83
2026-03,226121.38
2026-03,212081.21
2026-03,232174.39
2026-03,264214.88
2026-03,410180.06
2026-03,619199.53
2026-03,299366.01
2026-03,268115.61
2026-03,239386.59
2026-03,304126.8
2026-03,227406.67
2026-03,226182.37
2026-03,473428.67
2026-03,289355.83
2026-03,242168.81
2026-03,221351.24
2026-03,301551.12
2026-03,294729.56
2026-03,843774.68
2026-03,565723.01
2026-03,283341.46
2026-03,220855.52
2026-03,259042.9
2026-03,295276.58
2026-03,319267.26
2026-03,287104.98
2026-03,224689.29
2026-03,272831.66
2026-03,270423.99
2026-03,262849.81
2026-03,322953.19
2026-03,295543.3
2026-03,308435.45
2026-03,259895.86
2026-03,251181.13
2026-03,247216.82
2026-03,251700.38
2026-03,290568.82
2026-03,281350.41
2026-03,417625.37
2026-03,215180.06
2026-03,279258.97
2026-03,261254.23
2026-03,291531.04
2026-03,259920.35
2026-03,214237.47
2026-03,230742.33
2026-03,297085.75
2026-03,314938.01
2026-03,232600.34
2026-03,245005.31
2026-03,266621.75
2026-03,201717.68
2026-03,218382.28
2026-03,265890.61
2026-03,315821.59
2026-03,292861.38
2026-03,265573.4
2026-03,260473.32
2026-03,226578.28
2026-03,282524.2
2026-03,633854.12
2026-03,269372.52
2026-03,281405.72
2026-03,233332.0
2026-03,263095.91
2026-03,304872.11
2026-03,208683.99
2026-03,276620.72
2026-03,251837.46
2026-03,561593.46
2026-03,323210.83
2026-03,307447.47
2026-03,471826.65
2026-03,220599.41
2026-03,302842.97
2026-03,252819.51
2026-03,207298.25
2026-03,321942.36
2026-03,220553.01
2026-03,314792.43
2026-03,272146.31
2026-03,192305.91
2026-03,294417.8
2026-03,236400.29
2026-03,538195.74
2026-03,291484.32
2026-03,287314.63
2026-03,270792.97
2026-03,286088.33
2026-03,1124350.24
2026-03,251266.56
2026-03,255291.14
2026-03,231820.37
2026-03,302250.39
2026-03,308243.79
2026-03,219602.3
2026-03,228629.5
2026-03,235344.35
2026-03,227106.08
2026-03,318331.56
2026-03,233594.95
2026-03,273332.51
2026-03,263281.4
2026-03,301646.85
2026-03,273005.0
2026-03,471898.82
2026-03,264914.25
2026-03,282186.16
2026-03,255945.15
2026-03,270831.44
2026-03,225870.58
2026-03,221610.74
2026-03,297982.99
2026-03,300603.24
2026-03,210360.31
2026-03,295689.09
2026-03,211572.74
2026-03,209264.47
2026-03,227958.29
2026-03,280105.8
2026-03,268650.63
2026-03,239804.83
2026-03,259774.67
2026-03,211589.33
2026-03,285675.8
2026-03,335021.33
2026-03,293420.55
2026-03,280499.07
2026-03,215758.4
2026-03,258254.66
2026-03,262599.78
2026-03,317025.03
2026-03,273798.19
2026-03,223433.43
2026-03,260915.33
2026-03,279258.97
2026-03,298385.11
2026-03,308367.97
2026-03,232769.32
2026-03,301403.2
2026-03,263682.34
2026-03,352131.31
2026-03,606536.29
2026-03,237384.94
2026-03,287775.76
2026-03,288408.84
2026-03,316104.02
2026-03,226728.91
2026-03,323981.36
2026-03,330753.35
2026-03,331730.31
2026-03,1164823.62
2026-03,239334.67
2026-03,277627.65
2026-03,250096.2
2026-03,338564.03
2026-03,330713.35
2026-03,236942.59
2026-03,303587.35
2026-03,256128.85
2026-03,307650.41
2026-03,306830.21
2026-03,321101.45
2026-03,213255.57
2026-03,272434.38
2026-03,263281.4
2026-03,990363.09
2026-03,225038.36
2026-03,322487.07
2026-03,298905.15
2026-03,273701.54
2026-03,320536.4
2026-03,267928.64
2026-03,415309.67
2026-03,230474.5
2026-03,219023.92
2026-03,266988.45
2026-03,277008.34
2026-03,241475.05
2026-03,293521.82
2026-03,385786.03
2026-03,355375.94
2026-03,1124350.24
2026-03,286514.83
2026-03,273558.43
2026-03,219604.93
2026-03,232924.79
2026-03,242141.04
2026-03,266968.66
2026-03,327395.02
2026-03,262772.47
2026-03,301403.2
2026-03,279342.84
2026-03,221986.24
2026-03,244361.19
2026-03,228625.59
2026-03,296341.6
2026-03,1106369.27
2026-03,242840.41
2026-03,1071324.07
2026-03,239943.04
2026-03,768096.05
2026-03,208674.58
2026-03,228460.19
2026-03,268782.0
2026-03,191735.5
2026-03,274696.62
2026-03,520178.85
2026-03,245655.69
2026-03,237242.46
2026-03,222162.47
2026-03,225138.2
2026-03,260497.23
2026-03,303298.94
2026-03,257703.7
2026-03,228054.22
2026-03,321979.51
2026-03,219716.84
2026-03,331665.01
2026-03,257392.62
2026-03,281719.79
2026-03,293322.3
2026-03,316013.08
2026-03,228410.8
2026-03,287341.04
2026-03,266677.12
2026-03,225733.62
2026-03,285184.01
2026-03,228108.48
2026-03,205923.92
2026-03,270811.74
2026-03,227958.29
2026-03,232586.14
2026-03,263378.29
2026-03,350180.76
2026-03,350620.24
2026-03,292507.98
2026-03,247700.6
2026-03,228630.38
2026-03,220218.65
2026-03,855345.08
2026-03,990537.2
2026-03,248137.57
2026-03,276431.67
2026-03,293420.55
2026-03,226859.67
2026-03,291517.15
2026-03,229063.58
2026-03,226859.67
2026-03,224946.23
2026-03,292760.99
2026-03,292276.84
2026-03,260052.18
2026-03,265900.2
2026-03,251443.36
2026-03,276868.71
2026-03,212569.35
2026-03,346058.0
2026-03,310524.7
2026-03,196648.97
2026-03,266608.07
2026-03,290649.78
2026-03,233877.55
2026-03,226341.57
2026-03,257336.46
2026-03,306830.21
2026-03,433412.17
2026-03,323981.36
2026-03,222851.64
2026-03,295738.35
2026-03,293784.58
2026-03,252638.86
2026-03,265573.4
2026-03,237191.63
2026-03,331901.23
2026-03,211108.07
2026-03,1630310.4
2026-03,219439.78
2026-03,217212.21
2026-03,201149.09
2026-03,651459.33
2026-03,270759.45
2026-03,237779.33
2026-03,237132.92
2026-03,218867.8
2026-03,224946.23
2026-03,312350.59
2026-03,221432.51
2026-03,264489.48
2026-03,213069.15
2026-03,249803.83
2026-03,244349.14
2026-03,369317.61
2026-03,236791.78
2026-03,666979.05
2026-03,201718.22
2026-03,269176.45
2026-03,208828.25
2026-03,240211.96
2026-03,619199.53
2026-03,327485.44
2026-03,341734.85
2026-03,302078.5
2026-03,295434.39
2026-03,288770.23
2026-03,233744.44
2026-03,681953.19
2026-03,439535.26
2026-03,313278.53
2026-03,287234.5
2026-03,261092.01
2026-03,223855.83
2026-03,210690.86
2026-03,216793.45
2026-03,234029.5
2026-03,227136.56
2026-03,390250.65
2026-03,254331.92
2026-03,329891.53
2026-03,333838.11
2026-03,237584.25
2026-03,304525.01
2026-03,276281.73
2026-03,243285.08
2026-03,295872.68
2026-03,225447.21
2026-03,796921.79
2026-03,329400.07
2026-03,273955.29
2026-03,368998.87
2026-03,317078.39
2026-03,282779.25
2026-03,226488.91
2026-03,750210.69
2026-03,294015.91
2026-03,275008.44
2026-03,228569.66
2026-03,248206.49
2026-03,1993288.96
2026-03,360895.66
2026-03,299827.8
2026-03,373680.28
2026-03,975660.36
2026-03,266972.62
2026-03,224126.59
2026-03,271480.37
2026-03,247216.82
2026-03,207341.52
2026-03,280245.37
2026-03,263419.8
2026-03,222702.35
2026-03,273371.56
2026-03,222128.59
2026-03,540994.94
2026-03,258940.02
2026-03,286806.94
2026-03,299701.37
2026-03,226074.15
2026-03,273359.5
2026-03,214211.94
2026-03,312269.91
2026-03,221075.37
2026-03,215280.92
2026-03,272831.66
2026-03,656169.28
2026-03,369317.61
2026-03,216086.27
2026-03,279742.94
2026-03,297289.11
2026-03,218526.5
2026-03,285120.19
2026-03,323446.18
2026-03,295016.08
2026-03,292644.99
2026-03,231854.93
2026-03,387758.8
2026-03,262485.66
2026-03,281526.76
2026-03,215324.57
2026-03,287173.7
2026-03,381824.4
2026-03,343250.42
2026-03,300814.16
2026-03,266443.03
2026-03,1154403.0
2026-03,294644.2
2026-03,276930.27
2026-03,283649.81
2026-03,209709.38
2026-03,277778.57
2026-03,273761.67
2026-03,271116.05
2026-03,314032.45
2026-03,306500.66
2026-03,293280.0
2026-03,254953.15
2026-03,227572.44
2026-03,484387.45
2026-03,212081.21
2026-03,222202.83
2026-03,230515.43
2026-03,269276.5
2026-03,219961.17
2026-03,266869.63
2026-03,230742.33
2026-03,257116.26
2026-03,454935.94
2026-03,213397.74
2026-03,471826.65
2026-03,262301.27
2026-03,291481.98
2026-03,294935.83
2026-03,307866.02
2026-03,653268.85
2026-03,231085.69
2026-03,352847.78
2026-03,233877.55
2026-03,511475.12
2026-03,368231.12
2026-03,313902.47
2026-03,619665.24
2026-03,322539.28
2026-03,210283.49
2026-03,249388.57
2026-03,306569.96
2026-03,214367.92
2026-03,215696.57
2026-03,341734.85
2026-03,263008.81
2026-03,287553.57
2026-03,273508.58
2026-03,233511.61
2026-03,532007.05
2026-03,272897.55
2026-03,242034.59
2026-03,211645.75
2026-03,271512.85
2026-03,209130.13
2026-03,210485.41
2026-03,279121.58
2026-03,317885.67
2026-03,302078.5
2026-03,401248.64
2026-03,289546.55
2026-03,190049.18
2026-03,330082.99
2026-03,1323708.96
2026-03,255605.78
2026-03,330771.97
2026-03,226338.59
2026-03,231633.03
2026-03,308147.18
2026-03,338440.19
2026-03,270423.99
2026-03,405449.02
2026-03,292004.68
2026-03,297982.99
2026-03,287236.11
2026-03,280780.67
2026-03,225753.4
2026-03,215259.1
2026-03,289043.88
2026-03,309151.68
2026-03,296341.6
2026-03,211023.52
2026-03,274214.92
2026-03,226931.82
2026-03,261201.36
2026-03,423562.98
2026-03,293355.64
2026-03,203784.16
2026-03,235410.72
2026-03,291492.29
2026-03,283972.51
2026-03,222210.07
2026-03,225667.5
2026-03,563496.7
2026-03,269276.5
2026-03,269253.37
2026-03,253431.56
2026-03,598297.34
2026-03,211829.06
2026-03,206270.17
2026-03,276842.32
2026-03,208997.2
2026-03,281693.75
2026-03,210082.86
2026-03,413638.17
2026-03,294550.36
2026-03,267577.63
2026-03,308408.24
2026-03,227996.31
2026-03,237813.58
2026-03,675491.43
2026-03,234150.21
2026-03,260181.16
2026-03,219436.72
2026-03,398925.03
2026-03,293240.12
2026-03,217106.33
2026-03,241409.2
2026-03,326775.74
2026-03,312963.75
2026-03,254953.15
2026-03,269393.01
2026-03,336835.12
2026-03,309850.03
2026-03,307678.34
2026-03,291335.51
2026-03,231979.28
2026-03,269593.58
2026-03,232264.07
2026-03,257336.46
2026-03,268504.65
2026-03,219850.74
2026-03,266869.63
2026-03,280993.57
2026-03,255082.45
2026-03,260819.92
2026-03,223887.7
2026-03,219324.02
2026-03,265332.17
2026-03,243817.22
2026-03,232660.07
2026-03,234677.29
2026-03,306674.06
2026-03,284885.64
2026-03,316692.27
2026-03,220802.89
2026-03,208466.43
2026-03,346640.79
2026-03,1258145.89
2026-03,681586.72
2026-03,214978.0
2026-03,1164377.14
2026-03,303512.77
2026-03,287173.7
2026-03,747437.48
2026-03,426286.59
2026-03,261232.6
2026-03,198236.2
2026-03,855766.45
2026-03,415309.67
2026-03,234790.32
2026-03,227454.88
2026-03,356384.27
2026-03,211827.33
2026-03,306848.26
2026-03,219892.06
2026-03,339206.3
2026-03,229143.22
2026-03,283873.55
2026-03,264761.79
2026-03,208683.99
2026-03,196447.38
2026-03,294847.18
2026-03,278950.54
2026-03,284034.63
2026-03,299862.05
2026-03,322598.49
2026-03,266988.45
2026-03,263529.31
2026-03,356140.32
2026-03,230897.11
2026-03,291241.64
2026-03,237132.92
2026-03,239635.87
2026-03,230552.53
2026-03,368998.87
2026-03,247140.55
2026-03,280988.22
2026-03,282076.16
2026-03,292267.59
2026-03,320813.6
2026-03,257917.99
2026-03,252638.86
2026-03,289043.88
2026-03,270626.25
2026-03,277829.2
2026-03,228569.66
2026-03,240211.96
2026-03,276868.71
2026-03,251681.65
2026-03,263553.24
2026-03,286806.94
2026-03,391266.71
2026-03,341337.74
2026-03,340320.61
2026-03,228054.22
2026-03,289043.88
2026-03,616017.32
2026-03,202356.84
2026-03,508233.23
2026-03,277116.29
2026-03,244078.8
2026-03,657504.15
2026-03,280516.12
2026-03,222700.65
2026-03,283911.0
2026-03,314132.85
2026-03,201584.92
2026-03,223371.63
2026-03,212378.05
2026-03,994081.56
2026-03,293610.87
2026-03,277883.34
2026-03,230336.29
2026-03,293662.22
2026-03,264191.96
2026-03,296836.51
2026-03,209767.5
2026-03,214550.78
2026-03,279742.94
2026-03,203561.97
2026-03,423662.17
2026-03,209663.64
2026-03,293371.15
2026-03,932733.87
2026-03,704776.83
2026-03,386524.8
2026-03,210953.4
2026-03,208740.91
2026-03,1040031.52
2026-03,301279.52
2026-03,282729.58
2026-03,301109.41
2026-03,279582.83
2026-03,291188.15
2026-03,1003779.26
2026-03,257040.2
2026-03,273075.95
2026-03,227106.08
2026-03,270689.06
2026-03,340272.25
2026-03,295872.68
2026-03,224778.64
2026-03,1151604.24
2026-03,319661.97
2026-03,267461.5
2026-03,867987.39
2026-03,270141.51
2026-03,282920.94
2026-03,220300.04
2026-03,312429.4
2026-03,321979.51
2026-03,258130.39
2026-03,333173.71
2026-03,325994.24
2026-03,277930.39
2026-03,281658.95
2026-03,326448.84
2026-03,269141.72
2026-03,230711.03
2026-03,230977.92
2026-03,310207.44
2026-03,228629.5
2026-03,345388.55
2026-03,235596.91
2026-03,262485.66
2026-03,233968.36
2026-03,280769.53
2026-03,289482.86
2026-03,276726.41
2026-03,334183.97
2026-03,272175.54
2026-03,262618.53
2026-03,692695.75
2026-03,266495.4
2026-03,278662.52
2026-03,671374.93
2026-03,305960.11
2026-03,238096.34
2026-03,279117.57
2026-03,285056.53
2026-03,296664.03
2026-03,275704.52
2026-03,289326.15
2026-03,703976.11
2026-03,254963.62
2026-03,255653.46
2026-03,231522.17
2026-03,303872.58
2026-03,256523.56
2026-03,293257.68
2026-03,209228.14
2026-03,290216.68
2026-03,437525.65
2026-03,284900.29
2026-03,1298763.9
2026-03,265704.57
2026-03,334463.54
2026-03,254538.79
2026-03,241877.86
2026-03,318429.16
2026-03,762205.61
2026-03,218001.12
2026-03,303892.42
2026-03,293662.22
2026-03,227047.72
2026-03,342150.82
2026-03,201194.06
2026-03,220802.89
2026-03,275037.83
2026-03,210283.49
2026-03,216282.64
2026-03,257860.56
2026-03,272816.21
2026-03,334760.49
2026-03,932733.87
2026-03,250107.74
2026-04,280660.61
2026-04,268757.32
2026-04,301501.06
2026-04,417952.26
2026-04,290020.9
2026-04,266219.7
2026-04,282818.5
2026-04,248304.97
2026-04,294281.44
2026-04,252262.66
2026-04,354081.94
2026-04,218703.83
2026-04,231199.46
2026-04,296718.74
2026-04,294370.13
2026-04,256713.0
2026-04,258932.14
2026-04,202074.33
2026-04,251950.83
2026-04,209633.48
2026-04,204505.88
2026-04,326617.61
2026-04,278167.81
2026-04,264403.62
2026-04,264248.1
2026-04,287406.52
2026-04,307589.89
2026-04,230764.14
2026-04,311820.35
2026-04,302063.0
2026-04,238694.61
2026-04,291946.01
2026-04,310235.95
2026-04,282826.75
2026-04,199903.78
2026-04,262430.11
2026-04,225461.63
2026-04,283708.14
2026-04,287524.28
2026-04,919995.44
2026-04,208307.24
2026-04,274684.97
2026-04,206220.77
2026-04,220560.81
2026-04,275388.13
2026-04,1203771.98
2026-04,275649.42
2026-04,287754.58
2026-04,231546.47
2026-04,268841.17
2026-04,264326.29
2026-04,228833.79
2026-04,221066.89
2026-04,224648.58
2026-04,336193.52
2026-04,312398.94
2026-04,287857.78
2026-04,255176.84
2026-04,285506.23
2026-04,663182.66
2026-04,299147.72
2026-04,301481.63
2026-04,230969.09
2026-04,235806.28
2026-04,254702.98
2026-04,273047.92
2026-04,1099919.19
2026-04,225882.51
2026-04,202860.81
2026-04,292564.94
2026-04,271877.74
2026-04,276800.52
2026-04,459748.86
2026-04,310525.39
2026-04,282766.83
2026-04,212584.25
2026-04,218331.06
2026-04,216750.37
2026-04,314305.41
2026-04,300668.37
2026-04,197593.53
2026-04,252025.87
2026-04,320302.33
2026-04,285414.77
2026-04,235304.07
2026-04,315792.45
2026-04,273441.71
2026-04,313437.75
2026-04,274578.55
2026-04,718271.06
2026-04,1302416.58
2026-04,319335.97
2026-04,275262.08
2026-04,285824.35
2026-04,247006.1
2026-04,317869.17
2026-04,310096.19
2026-04,267057.66
2026-04,808885.89
2026-04,248973.16
2026-04,220835.36
2026-04,248110.58
2026-04,201923.36
2026-04,273830.98
2026-04,245651.53
2026-04,555459.56
2026-04,267585.53
2026-04,289019.07
2026-04,206028.08
2026-04,277380.71
2026-04,304896.44
2026-04,220838.06
2026-04,208800.67
2026-04,349591.08
2026-04,286534.23
2026-04,290638.03
2026-04,281976.63
2026-04,244230.04
2026-04,228190.12
2026-04,295978.93
2026-04,1141832.52
2026-04,300956.14
2026-04,193764.41
2026-04,314674.95
2026-04,219598.16
2026-04,244250.31
2026-04,207177.98
2026-04,304291.31
2026-04,340183.72
2026-04,300265.69
2026-04,234850.75
2026-04,254202.92
2026-04,209205.0
2026-04,223399.23
2026-04,289494.74
2026-04,281629.16
2026-04,288200.79
2026-04,302447.87
2026-04,245921.95
2026-04,258927.29
2026-04,217131.06
2026-04,323257.09
2026-04,220079.57
2026-04,279886.13
2026-04,273663.9
2026-04,261245.21
2026-04,304971.56
2026-04,368684.2
2026-04,231853.01
2026-04,272193.85
2026-04,250853.93
2026-04,326617.61
2026-04,226699.39
2026-04,374145.42
2026-04,311545.79
2026-04,276332.17
2026-04,212863.93
2026-04,230234.37
2026-04,291788.23
2026-04,288958.52
2026-04,303040.91
2026-04,304044.88
2026-04,230150.11
2026-04,281746.85
2026-04,208471.87
2026-04,231019.8
2026-04,294105.57
2026-04,213257.77
2026-04,257571.22
2026-04,288022.12
2026-04,272621.04
2026-04,294983.05
2026-04,277507.2
2026-04,220072.49
2026-04,296276.29
2026-04,219059.56
2026-04,1020950.1
2026-04,258195.46
2026-04,333160.55
2026-04,734548.0
2026-04,685553.63
2026-04,204789.81
2026-04,313789.06
2026-04,324797.15
2026-04,308558.69
2026-04,289251.42
2026-04,286419.98
2026-04,307772.05
2026-04,287064.28
2026-04,202934.5
2026-04,248062.74
2026-04,297067.1
2026-04,298962.61
2026-04,228601.62
2026-04,935332.97
2026-04,328441.49
2026-04,249353.82
2026-04,734276.87
2026-04,289485.41
2026-04,317947.3
2026-04,205478.29
2026-04,221292.42
2026-04,312427.27
2026-04,258729.36
2026-04,302063.0
2026-04,265266.24
2026-04,334086.2
2026-04,685553.63
2026-04,301902.28
2026-04,305894.72
2026-04,260134.45
2026-04,836341.61
2026-04,278588.75
2026-04,302986.63
2026-04,1396096.75
2026-04,265502.45
2026-04,281941.39
2026-04,311215.79
2026-04,217705.33
2026-04,1057068.99
2026-04,266045.7
2026-04,363973.55
2026-04,337232.69
2026-04,215932.89
2026-04,274866.77
2026-04,224569.89
2026-04,243994.26
2026-04,300944.23
2026-04,201693.01
2026-04,284248.21
2026-04,226241.03
2026-04,234603.45
2026-04,299437.96
2026-04,396018.22
2026-04,230889.71
2026-04,276908.38
2026-04,242328.74
2026-04,1070106.72
2026-04,300550.24
2026-04,288448.61
2026-04,218320.7
2026-04,325622.21
2026-04,294370.13
2026-04,215949.52
2026-04,323096.63
2026-04,277350.53
2026-04,235366.4
2026-04,299050.23
2026-04,401243.95
2026-04,299189.57
2026-04,233590.39
2026-04,275831.97
2026-04,207941.94
2026-04,292534.03
2026-04,332166.54
2026-04,223186.5
2026-04,306608.71
2026-04,274479.25
2026-04,516162.88
2026-04,234861.06
2026-04,271331.03
2026-04,322651.49
2026-04,284746.85
2026-04,443122.9
2026-04,283590.75
2026-04,210344.17
2026-04,331660.86
2026-04,250160.91
2026-04,211048.62
2026-04,276684.83
2026-04,235443.38
2026-04,261931.63
2026-04,267941.1
2026-04,698974.43
2026-04,708177.32
2026-04,258752.59
2026-04,301074.68
2026-04,252612.79
2026-04,214078.43
2026-04,209459.45
2026-04,1232927.08
2026-04,215694.16
2026-04,233870.64
2026-04,1057068.99
2026-04,250862.79
2026-04,233136.04
2026-04,211639.25
2026-04,573877.53
2026-04,297810.75
2026-04,283051.76
2026-04,307024.77
2026-04,237237.04
2026-04,216329.72
2026-04,363879.45
2026-04,308301.42
2026-04,270776.32
2026-04,306923.57
2026-04,225095.36
2026-04,1159130.66
2026-04,267341.86
2026-04,238110.09
2026-04,306283.95
2026-04,306287.46
2026-04,205186.56
2026-04,693370.76
2026-04,224984.97
2026-04,286538.13
2026-04,233590.39
2026-04,259941.57
2026-04,315301.86
2026-04,227291.03
2026-04,284794.08
2026-04,328441.49
2026-04,271664.85
2026-04,282187.31
2026-04,226024.87
2026-04,297920.92
2026-04,208091.34
2026-04,213865.57
2026-04,234850.75
2026-04,226056.53
2026-04,272453.76
2026-04,269127.95
2026-04,267615.06
2026-04,215812.18
2026-04,265123.6
2026-04,278425.89
2026-04,324278.55
2026-04,235980.64
2026-04,231991.51
2026-04,294226.42
2026-04,215965.0
2026-04,284049.86
2026-04,274131.31
2026-04,221705.45
2026-04,274928.75
2026-04,237838.67
2026-04,642986.07
2026-04,265491.97
2026-04,214937.39
2026-04,312568.24
2026-04,733461.58
2026-04,279490.01
2026-04,238149.16
2026-04,287590.47
2026-04,293642.08
2026-04,284028.56
2026-04,261187.04
2026-04,201105.37
2026-04,262722.84
2026-04,250386.02
2026-04,304505.77
2026-04,251125.22
2026-04,280697.73
2026-04,326820.02
2026-04,1031041.53
2026-04,286008.78
2026-04,212028.76
2026-04,323876.57
2026-04,273100.9
2026-04,294095.08
2026-04,303602.87
2026-04,346700.26
2026-04,324729.3
2026-04,402931.58
2026-04,538131.94
2026-04,928076.58
2026-04,728284.57
2026-04,201546.03
2026-04,242282.1
2026-04,235182.24
2026-04,1147728.07
2026-04,348405.94
2026-04,234549.39
2026-04,295647.74
2026-04,265410.73
2026-04,367782.97
2026-04,961844.47
2026-04,365754.49
2026-04,313147.58
2026-04,280018.55
2026-04,255090.52
2026-04,338189.1
2026-04,254746.53
2026-04,769179.42
2026-04,319440.26
2026-04,274928.75
2026-04,528852.6
2026-04,297070.23
2026-04,226127.71
2026-04,895668.7
2026-04,376876.18
2026-04,225894.81
2026-04,298045.14
2026-04,998966.3
2026-04,214223.66
2026-04,285315.91
2026-04,266474.73
2026-04,222318.45
2026-04,278588.75
2026-04,287907.55
2026-04,265377.54
2026-04,337926.17
2026-04,242394.71
2026-04,278064.27
2026-04,226665.8
2026-04,216609.53
2026-04,266428.83
2026-04,743377.51
2026-04,301185.02
2026-04,269419.95
2026-04,260551.27
2026-04,207852.85
2026-04,341368.44
2026-04,292569.38
2026-04,301400.35
2026-04,857144.32
2026-04,246871.54
2026-04,280347.86
2026-04,361090.44
2026-04,345334.42
2026-04,324729.3
2026-04,326617.61
2026-04,256761.44
2026-04,224676.28
2026-04,283981.45
2026-04,200903.7
2026-04,280679.4
2026-04,308681.72
2026-04,340108.85
2026-04,345087.75
2026-04,234246.38
2026-04,337352.72
2026-04,253055.12
2026-04,309739.71
2026-04,223269.77
2026-04,270271.92
2026-04,272175.41
2026-04,292885.8
2026-04,211913.76
2026-04,288526.19
2026-04,284028.56
2026-04,271011.83
2026-04,208471.87
2026-04,268557.96
2026-04,769179.42
2026-04,277435.63
2026-04,296863.14
2026-04,272454.88
2026-04,287445.3
2026-04,284138.07
2026-04,251950.83
2026-04,213841.18
2026-04,715417.53
2026-04,275743.85
2026-04,251624.91
2026-04,249919.4
2026-04,302677.08
2026-04,262527.72
2026-04,323078.99
2026-04,224383.13
2026-04,292746.68
2026-04,310713.78
2026-04,308681.72
2026-04,331764.72
2026-04,225413.5
2026-04,689868.57
2026-04,241348.13
2026-04,261138.71
2026-04,283423.59
2026-04,273719.77
2026-04,213894.58
2026-04,342303.53
2026-04,313437.75
2026-04,232573.43
2026-04,226646.09
2026-04,230202.63
2026-04,257398.9
2026-04,280782.19
2026-04,275868.6
2026-04,308681.72
2026-04,196463.63
2026-04,234572.67
2026-04,209018.87
2026-04,376876.18
2026-04,471227.59
2026-04,318808.23
2026-04,300164.37
2026-04,208307.24
2026-04,658755.35
2026-04,305526.64
2026-04,230091.5
2026-04,293776.47
2026-04,317102.17
2026-04,204660.49
2026-04,322635.66
2026-04,249225.73
2026-04,259426.17
2026-04,234198.93
2026-04,258932.14
2026-04,226699.39
2026-04,267916.83
2026-04,334069.63
2026-04,286419.98
2026-04,707313.77
2026-04,243381.21
2026-04,305993.29
2026-04,718271.06
2026-04,231475.07
2026-04,288198.8
2026-04,293460.47
2026-04,301185.02
2026-04,224498.36
2026-04,233238.25
2026-04,248110.58
2026-04,261582.55
2026-04,281296.55
2026-04,222818.25
2026-04,376272.49
2026-04,277050.71
2026-04,1073279.05
2026-04,230209.54
2026-04,304857.52
2026-04,196953.46
2026-04,315117.09
2026-04,290829.83
2026-04,228700.19
2026-04,296211.69
2026-04,220159.73
2026-04,805633.55
2026-04,694909.46
2026-04,242055.88
2026-04,1070106.72
2026-04,317914.56
2026-04,293054.94
2026-04,281079.06
2026-04,214669.95
2026-04,219882.75
2026-04,298168.59
2026-04,295171.57
2026-04,319440.26
2026-04,990628.95
2026-04,273830.98
2026-04,261358.61
2026-04,284414.5
2026-04,401243.95
2026-04,237454.02
2026-04,222241.43
2026-04,322146.24
2026-04,234316.36
2026-04,544849.25
2026-04,223186.5
2026-04,230106.96
2026-04,249551.47
2026-04,728284.57
2026-04,338896.39
2026-04,227769.64
2026-04,279623.11
2026-04,230075.25
2026-04,290845.09
2026-04,211900.58
2026-04,237105.29
2026-04,225001.79
2026-04,287677.64
2026-04,276307.61
2026-04,230150.11
2026-04,285315.91
2026-04,228715.73
2026-04,360558.25
2026-04,276797.69
2026-04,233967.85
2026-04,276398.2
2026-04,266568.2
2026-04,238049.34
2026-04,236793.76
2026-04,233715.6
2026-04,231528.69
2026-04,286895.95
2026-04,208307.24
2026-04,271388.67
2026-04,292326.33
2026-04,228897.44
2026-04,217432.49
2026-04,978159.65
2026-04,203936.19
2026-04,203754.87
2026-04,272890.6
2026-04,318428.01
2026-04,233138.9
2026-04,626091.94
2026-04,273332.07
2026-04,229394.13
2026-04,243153.94
2026-04,268847.11
2026-04,267299.41
2026-04,268763.07
2026-04,295106.44
2026-04,243075.96
2026-04,246159.92
2026-04,270249.07
2026-04,210988.39
2026-04,287139.52
2026-04,209510.3
2026-04,240309.03
2026-04,241672.48
2026-04,228109.54
2026-04,295323.61
2026-04,384882.66
2026-04,333661.93
2026-04,231123.99
2026-04,269127.95
2026-04,213941.57
2026-04,1241748.3
2026-04,228264.94
2026-04,267636.83
2026-04,225001.79
2026-04,230079.5
2026-04,327499.04
2026-04,210133.58
2026-04,500260.29
2026-04,192807.93
2026-04,232135.59
2026-04,316699.72
2026-04,281229.19
2026-04,325685.17
2026-04,317193.81
2026-04,232019.66
2026-04,270969.25
2026-04,280122.72
2026-04,240389.1
2026-04,301621.89
2026-04,359355.47
2026-04,289723.87
2026-04,292789.99
2026-04,290939.72
2026-04,270168.3
2026-04,706945.34
2026-04,429250.98
2026-04,783076.19
2026-04,222435.78
2026-04,297070.23
2026-04,231614.19
2026-04,232855.93
2026-04,220807.09
2026-04,410082.4
2026-04,268763.64
2026-04,242270.13
2026-04,213573.55
2026-04,336791.45
2026-04,298643.38
2026-04,775183.42
2026-04,308943.45
2026-04,215360.44
2026-04,375442.34
2026-04,224645.77
2026-04,261429.46
2026-04,327576.26
2026-04,277924.18
2026-04,281469.45
2026-04,288771.93
2026-04,262334.46
2026-04,300265.69
2026-04,297487.06
2026-04,292241.21
2026-04,231895.68
2026-04,238880.86
2026-04,299437.96
2026-04,309451.71
2026-04,300550.24
2026-04,212816.4
2026-04,322122.07
2026-04,519954.01
2026-04,248236.5
2026-04,262743.18
2026-04,271993.62
2026-04,248745.66
2026-04,291716.57
2026-04,296718.74
2026-04,280782.19
2026-04,335832.24
2026-04,271074.89
2026-04,232391.09
2026-04,275933.2
2026-04,293986.66
2026-04,308683.34
2026-04,297238.35
2026-04,334816.04
2026-04,263606.67
2026-04,885992.39
2026-04,214341.94
2026-04,262722.84
2026-04,226638.12
2026-04,611846.66
2026-04,249390.4
2026-04,233557.39
2026-04,288198.7
2026-04,648389.44
2026-04,274928.75
2026-04,290897.24
2026-04,273719.77
2026-04,350976.01
2026-04,277785.13
2026-04,240452.53
2026-04,217402.54
2026-04,247533.76
2026-04,213573.55
2026-04,217158.62
2026-04,274828.04
2026-04,213812.52
2026-04,251125.22
2026-04,269364.8
2026-04,289079.79
2026-04,230334.66
2026-04,288653.98
2026-04,334901.07
2026-04,213047.81
2026-04,349094.87
2026-04,301469.2
2026-04,261324.88
2026-04,233184.26
2026-04,212760.24
2026-04,305712.11
2026-04,215637.7
2026-04,256396.9
2026-04,220721.77
2026-04,298494.86
2026-04,923021.48
2026-04,311662.56
2026-04,962977.69
2026-04,730811.62
2026-04,306236.04
2026-04,419561.33
2026-04,270961.47
2026-04,233043.82
2026-04,346040.91
2026-04,573877.53
2026-04,371448.96
2026-04,354990.2
2026-04,258533.13
2026-04,215577.05
2026-04,239034.49
2026-04,230150.11
2026-04,229394.13
2026-04,234580.83
2026-04,283511.01
2026-04,318046.18
2026-04,267585.53
2026-04,242349.86
2026-04,294092.01
2026-04,320302.33
2026-04,204933.19
2026-04,372660.42
2026-04,289068.71
2026-04,216994.98
2026-04,307589.89
2026-04,239991.53
2026-04,224963.29
2026-04,226229.44
2026-04,241894.49
2026-04,229024.06
2026-04,193981.89
2026-04,282212.58
2026-04,267809.95
2026-04,223917.17
2026-04,260717.07
2026-04,323558.45
2026-04,311662.56
2026-04,216503.34
2026-04,383431.5
2026-04,261906.3
2026-04,233608.91
2026-04,316144.42
2026-04,240309.03
2026-04,276597.36
2026-04,638295.47
2026-04,236589.41
2026-04,315650.75
2026-04,356808.4
2026-04,244019.62
2026-04,255915.75
2026-04,261752.09
2026-04,327819.18
2026-04,336016.33
2026-04,287258.44
2026-04,691638.97
2026-04,345954.92
2026-04,236408.6
2026-04,204967.53
2026-04,276916.51
2026-04,230444.08
2026-04,252262.66
2026-04,231182.48
2026-04,253055.12
2026-04,239160.5
2026-04,227036.37
2026-04,1073279.05
2026-04,1068031.37
2026-04,315971.34
2026-04,216399.85
2026-04,279156.73
2026-04,258586.99
2026-04,275388.13
2026-04,549899.14
2026-04,246071.05
2026-04,260717.07
2026-04,213941.57
2026-04,210435.41
2026-04,322122.07
2026-04,316321.17
2026-04,221285.98
2026-04,214937.39
2026-04,360725.86
2026-04,755988.02
2026-04,229062.03
2026-04,639895.26
2026-04,297270.82
2026-04,289037.63
2026-04,266422.88
2026-04,343171.06
2026-04,278136.12
2026-04,395497.36
2026-04,234094.72
2026-04,272587.45
2026-04,230479.5
2026-04,257892.38
2026-04,805633.55
2026-04,235615.39
2026-04,341870.13
2026-04,225050.11
2026-04,278820.68
2026-04,227473.17
2026-04,224015.39
2026-04,262227.27
2026-04,283488.36
2026-04,265744.58
2026-04,213094.72
2026-04,284689.76
2026-04,293835.15
2026-04,308943.45
2026-04,264678.14
2026-04,261906.3
2026-04,282361.51
2026-04,280308.93
2026-04,233190.34
2026-04,257836.75
2026-04,289358.45
2026-04,361020.77
2026-04,1151361.63
2026-04,323100.57
2026-04,331660.86
2026-04,273537.37
2026-04,248062.81
2026-04,224899.94
2026-04,226646.09
2026-04,287979.39
2026-04,430545.04
2026-04,356095.56
2026-04,284794.08
2026-04,240159.49
2026-04,426915.96
2026-04,282249.93
2026-04,208782.15
2026-04,297954.61
2026-04,303403.7
2026-04,218934.27
2026-04,329869.31
2026-04,282774.3
2026-04,583882.51
2026-04,298790.89
2026-04,301285.26
2026-04,261404.29
2026-04,311558.48
2026-04,544899.52
2026-04,283300.84
2026-04,949105.17
2026-04,200809.56
2026-04,706945.34
2026-04,223368.33
2026-04,221879.9
2026-04,308943.45
2026-04,241261.54
2026-04,229406.16
2026-04,880776.1
2026-04,217549.42
2026-04,287695.8
2026-04,231199.46
2026-04,236310.32
2026-04,334816.04
2026-04,334965.92
2026-04,1438805.3
2026-04,234016.88
2026-04,294683.87
2026-04,279157.8
2026-04,267288.45
2026-04,281250.29
2026-04,310190.72
2026-04,279051.75
2026-04,297350.04
2026-04,260017.47
2026-04,245921.95
2026-04,213865.57
2026-04,483545.18
2026-04,272569.83
2026-04,459748.86
2026-04,274263.6
2026-04,319095.39
2026-04,223177.94
2026-04,292086.9
2026-04,209701.64
2026-04,286800.95
2026-04,197073.42
2026-04,272024.97
2026-04,900747.43
2026-04,237162.34
2026-04,325518.01
2026-04,290048.97
2026-04,203375.73
2026-04,1194140.16
2026-04,242172.27
2026-04,376800.94
2026-04,252004.38
2026-04,230065.46
2026-04,275933.2
2026-04,226349.65
2026-04,303456.44
2026-04,240638.75
2026-04,237548.25
2026-04,234129.67
2026-04,230334.66
2026-04,278255.26
2026-04,227873.96
2026-04,251335.44
2026-04,345767.34
2026-04,236976.76
2026-04,284695.19
2026-04,292021.0
2026-04,360448.65
2026-04,231084.7
2026-04,265377.54
2026-04,204392.43
2026-04,269454.22
2026-04,296232.43
2026-04,227518.8
2026-04,211869.73
2026-04,258938.6
2026-04,222483.56
2026-04,213236.66
2026-04,264957.57
2026-04,906188.84
2026-04,291618.89
2026-04,224977.36
2026-04,265227.25
2026-04,255884.12
2026-04,260134.45
2026-04,247794.3
2026-04,287141.84
2026-04,347278.17
2026-04,316409.54
2026-04,203230.74
2026-04,1136079.59
2026-04,317993.68
2026-04,320889.42
2026-04,211540.29
2026-04,278437.03
2026-04,351656.09
2026-04,293986.66
2026-04,1302416.58
2026-04,200368.27
2026-04,231056.68
2026-04,324729.3
2026-04,228457.28
2026-04,306524.57
2026-04,326272.37
2026-04,255895.63
2026-04,307554.09
2026-04,297093.65
2026-04,275926.33
2026-04,283521.02
2026-04,345869.4
2026-04,262783.8
2026-04,294914.68
2026-04,309707.57
2026-04,299849.69
2026-04,208603.67
2026-04,230106.96
2026-04,408501.22
2026-04,217958.99
2026-04,305993.29
2026-04,230484.57
2026-04,240389.1
2026-04,229680.5
2026-04,248013.59
2026-04,261497.9
2026-04,942979.49
2026-04,288634.28
2026-04,283310.68
2026-04,204809.02
2026-04,270374.52
2026-04,280697.73
2026-04,296453.8
2026-05,311497.21
2026-05,213987.5
2026-05,1081433.11
2026-05,289222.02
2026-05,289639.68
2026-05,213391.37
2026-05,242769.25
2026-05,266627.62
2026-05,204093.3
2026-05,224770.05
2026-05,229854.05
2026-05,317775.23
2026-05,315912.02
2026-05,397787.34
2026-05,850777.94
2026-05,292996.38
2026-05,276814.24
2026-05,281184.36
2026-05,217229.09
2026-05,270417.96
2026-05,326086.22
2026-05,271130.62
2026-05,267028.57
2026-05,270323.19
2026-05,276547.95
2026-05,231025.97
2026-05,289826.22
2026-05,224342.81
2026-05,226489.95
2026-05,239474.91
2026-05,304440.67
2026-05,225250.55
2026-05,315871.85
2026-05,282849.94
2026-05,221806.86
2026-05,202915.78
2026-05,226173.71
2026-05,225007.88
2026-05,302758.65
2026-05,225340.27
2026-05,263363.54
2026-05,316874.76
2026-05,275455.32
2026-05,325794.89
2026-05,243513.52
2026-05,345734.0
2026-05,295079.63
2026-05,727616.61
2026-05,278375.86
2026-05,289662.09
2026-05,312706.6
2026-05,292312.3
2026-05,229268.35
2026-05,447234.6
2026-05,275967.42
2026-05,749465.31
2026-05,893195.57
2026-05,266964.23
2026-05,232713.48
2026-05,353615.88
2026-05,215641.37
2026-05,938759.86
2026-05,264617.3
2026-05,286327.17
2026-05,209783.72
2026-05,241390.83
2026-05,307103.21
2026-05,334992.53
2026-05,202618.46
2026-05,261194.76
2026-05,233565.26
2026-05,295385.42
2026-05,222818.55
2026-05,290963.7
2026-05,286869.96
2026-05,240150.26
2026-05,2430580.73
2026-05,229855.34
2026-05,283109.54
2026-05,1085593.99
2026-05,318108.78
2026-05,286869.96
2026-05,215084.76
2026-05,296161.5
2026-05,248522.85
2026-05,299720.61
2026-05,264174.92
2026-05,224072.62
2026-05,312027.99
2026-05,261958.95
2026-05,283068.52
2026-05,227629.23
2026-05,286121.68
2026-05,278375.86
2026-05,215527.24
2026-05,377705.4
2026-05,217229.09
2026-05,215527.24
2026-05,335907.17
2026-05,199403.75
2026-05,208409.86
2026-05,251572.09
2026-05,370772.11
2026-05,341464.39
2026-05,210223.85
2026-05,266870.52
2026-05,258459.3
2026-05,333119.93
2026-05,228609.7
2026-05,254074.14
2026-05,368298.46
2026-05,299102.59
2026-05,865890.06
2026-05,205883.45
2026-05,272408.38
2026-05,245549.8
2026-05,280475.96
2026-05,318596.67
2026-05,393012.08
2026-05,323164.15
2026-05,238463.32
2026-05,257118.78
2026-05,223907.06
2026-05,285913.1
2026-05,280087.67
2026-05,318499.17
2026-05,452263.29
2026-05,277551.98
2026-05,321112.47
2026-05,287297.25
2026-05,245726.77
2026-05,243740.58
2026-05,241733.48
2026-05,317638.42
2026-05,272660.91
2026-05,247700.74
2026-05,466067.77
2026-05,231812.83
2026-05,298432.44
2026-05,234370.94
2026-05,214030.21
2026-05,231179.0
2026-05,226819.59
2026-05,213713.41
2026-05,224567.7
2026-05,265178.77
2026-05,227053.02
2026-05,283952.36
2026-05,287460.7
2026-05,271130.62
2026-05,386614.19
2026-05,265944.47
2026-05,265425.39
2026-05,204240.53
2026-05,236721.37
2026-05,222828.04
2026-05,198351.62
2026-05,215808.4
2026-05,329192.83
2026-05,230075.37
2026-05,272727.85
2026-05,325000.64
2026-05,270160.5
2026-05,277738.82
2026-05,217043.21
2026-05,254663.62
2026-05,709090.54
2026-05,222114.14
2026-05,254325.34
2026-05,228513.9
2026-05,203767.16
2026-05,210342.27
2026-05,212083.88
2026-05,215019.81
2026-05,213885.4
2026-05,216052.24
2026-05,304341.87
2026-05,294785.61
2026-05,306831.44
2026-05,285839.01
2026-05,323181.15
2026-05,237875.82
2026-05,303021.07
2026-05,251119.14
2026-05,232990.44
2026-05,803117.71
2026-05,223888.36
2026-05,351014.76
2026-05,377705.4
2026-05,382867.03
2026-05,220127.03
2026-05,223772.73
2026-05,229132.1
2026-05,268955.38
2026-05,329477.79
2026-05,277672.66
2026-05,272267.09
2026-05,914707.4
2026-05,279883.16
2026-05,248447.33
2026-05,221184.22
2026-05,272977.97
2026-05,429523.62
2026-05,294125.88
2026-05,231032.79
2026-05,249318.97
2026-05,246884.67
2026-05,293078.56
2026-05,283488.52
2026-05,240625.04
2026-05,209278.13
2026-05,268144.37
2026-05,285839.01
2026-05,225378.29
2026-05,194148.55
2026-05,269340.29
2026-05,280313.48
2026-05,263360.75
2026-05,302922.51
2026-05,310662.61
2026-05,231993.37
2026-05,237221.65
2026-05,331825.71
2026-05,234864.0
2026-05,276204.93
2026-05,252821.28
2026-05,280166.92
2026-05,323599.23
2026-05,231503.97
2026-05,301636.88
2026-05,213713.41
2026-05,272951.58
2026-05,294791.26
2026-05,1135034.15
2026-05,236471.13
2026-05,237325.17
2026-05,271130.62
2026-05,244856.62
2026-05,197020.66
2026-05,301393.88
2026-05,242845.49
2026-05,266854.55
2026-05,320443.05
2026-05,249864.68
2026-05,195033.25
2026-05,216906.85
2026-05,369435.43
2026-05,199037.17
2026-05,226802.35
2026-05,265536.99
2026-05,235821.26
2026-05,254132.56
2026-05,361423.15
2026-05,227639.62
2026-05,220004.87
2026-05,257540.53
2026-05,293276.47
2026-05,269425.05
2026-05,445502.41
2026-05,292234.46
2026-05,309900.8
2026-05,245941.43
2026-05,216906.85
2026-05,269799.93
2026-05,286907.12
2026-05,245145.25
2026-05,277360.44
2026-05,332619.87
2026-05,308622.19
2026-05,253578.16
2026-05,302902.48
2026-05,277064.79
2026-05,703059.68
2026-05,246441.77
2026-05,406659.58
2026-05,210788.81
2026-05,258915.47
2026-05,260765.43
2026-05,303905.92
2026-05,295517.2
2026-05,368991.98
2026-05,251546.83
2026-05,288611.03
2026-05,522271.44
2026-05,290563.67
2026-05,288174.73
2026-05,209001.4
2026-05,216358.66
2026-05,323045.79
2026-05,272702.5
2026-05,266118.8
2026-05,268804.67
2026-05,273435.65
2026-05,259467.1
2026-05,403231.46
2026-05,323775.46
2026-05,549772.1
2026-05,288377.88
2026-05,529796.39
2026-05,230725.76
2026-05,1008301.62
2026-05,323181.15
2026-05,259488.74
2026-05,310484.01
2026-05,259480.99
2026-05,214423.7
2026-05,311047.35
2026-05,252343.43
2026-05,310936.82
2026-05,273223.09
2026-05,210223.84
2026-05,304495.17
2026-05,252944.95
2026-05,241559.43
2026-05,893195.57
2026-05,286865.58
2026-05,267036.75
2026-05,278630.25
2026-05,285815.0
2026-05,301407.5
2026-05,232214.97
2026-05,304993.24
2026-05,205062.11
2026-05,230962.49
2026-05,285100.92
2026-05,312129.95
2026-05,218945.99
2026-05,238063.72
2026-05,474835.63
2026-05,275211.4
2026-05,286775.58
2026-05,200904.41
2026-05,703059.68
2026-05,312731.43
2026-05,212688.99
2026-05,272158.13
2026-05,1012457.19
2026-05,261492.05
2026-05,552537.61
2026-05,288895.51
2026-05,309138.35
2026-05,226129.77
2026-05,257200.77
2026-05,493130.1
2026-05,254170.02
2026-05,218839.14
2026-05,241546.95
2026-05,270849.71
2026-05,350481.12
2026-05,320479.61
2026-05,235998.67
2026-05,307088.66
2026-05,238731.19
2026-05,315972.99
2026-05,233797.39
2026-05,233801.54
2026-05,272361.0
2026-05,308425.89
2026-05,294738.46
2026-05,215586.0
2026-05,305454.61
2026-05,220461.36
2026-05,316453.09
2026-05,224392.01
2026-05,209863.75
2026-05,231672.55
2026-05,934468.25
2026-05,296867.13
2026-05,275561.95
2026-05,268958.87
2026-05,279879.92
2026-05,219103.36
2026-05,272971.14
2026-05,321844.82
2026-05,226538.3
2026-05,301407.5
2026-05,216421.98
2026-05,203683.5
2026-05,263572.53
2026-05,366363.49
2026-05,261741.8
2026-05,247772.65
2026-05,313965.93
2026-05,258441.38
2026-05,290133.64
2026-05,225771.89
2026-05,290563.67
2026-05,282078.01
2026-05,228394.98
2026-05,305866.59
2026-05,323644.58
2026-05,309740.2
2026-05,739504.15
2026-05,217374.81
2026-05,269232.09
2026-05,316607.33
2026-05,277427.71
2026-05,233446.88
2026-05,274165.16
2026-05,263953.92
2026-05,274357.28
2026-05,224072.62
2026-05,299430.86
2026-05,271974.84
2026-05,424877.81
2026-05,263356.16
2026-05,265436.98
2026-05,283068.52
2026-05,214885.12
2026-05,274390.09
2026-05,288496.98
2026-05,286961.5
2026-05,278683.58
2026-05,275482.81
2026-05,361423.15
2026-05,219744.09
2026-05,321057.66
2026-05,285160.26
2026-05,266574.46
2026-05,1068073.73
2026-05,301534.41
2026-05,264162.05
2026-05,256447.16
2026-05,346312.95
2026-05,292193.94
2026-05,280623.44
2026-05,225202.2
2026-05,247772.65
2026-05,289062.46
2026-05,336302.62
2026-05,212276.51
2026-05,310424.0
2026-05,303254.17
2026-05,220187.92
2026-05,227646.65
2026-05,289891.9
2026-05,286764.93
2026-05,319337.56
2026-05,739261.15
2026-05,234891.58
2026-05,290572.31
2026-05,303780.38
2026-05,256606.89
2026-05,260592.02
2026-05,350481.12
2026-05,263401.39
2026-05,272934.45
2026-05,269425.05
2026-05,278040.72
2026-05,205996.74
2026-05,299561.3
2026-05,793747.89
2026-05,317057.68
2026-05,294270.42
2026-05,265141.41
2026-05,231622.73
2026-05,341731.17
2026-05,271274.8
2026-05,244990.18
2026-05,213987.5
2026-05,269583.75
2026-05,277377.06
2026-05,236319.61
2026-05,270959.14
2026-05,280287.71
2026-05,267849.44
2026-05,214579.99
2026-05,274451.44
2026-05,272397.99
2026-05,998593.58
2026-05,367959.54
2026-05,305285.75
2026-05,302630.11
2026-05,594775.66
2026-05,297029.7
2026-05,270354.02
2026-05,192903.28
2026-05,311555.6
2026-05,301884.96
2026-05,361312.75
2026-05,362544.92
2026-05,331892.67
2026-05,299314.78
2026-05,221177.31
2026-05,340329.5
2026-05,210611.5
2026-05,301708.68
2026-05,279438.08
2026-05,265184.0
2026-05,240234.51
2026-05,281261.05
2026-05,242974.79
2026-05,283320.37
2026-05,286523.99
2026-05,311379.92
2026-05,220280.25
2026-05,286055.48
2026-05,301393.88
2026-05,339735.56
2026-05,297047.14
2026-05,259381.07
2026-05,276822.35
2026-05,232738.34
2026-05,308425.89
2026-05,281286.55
2026-05,335082.56
2026-05,302835.96
2026-05,263356.16
2026-05,1521350.85
2026-05,200904.41
2026-05,213738.27
2026-05,289081.95
2026-05,217178.58
2026-05,274214.43
2026-05,282377.74
2026-05,956308.64
2026-05,410387.53
2026-05,233153.68
2026-05,308079.47
2026-05,313696.53
2026-05,208297.8
2026-05,308846.86
2026-05,230912.64
2026-05,220127.03
2026-05,1162008.85
2026-05,274655.77
2026-05,246451.68
2026-05,218311.01
2026-05,242468.39
2026-05,299262.05
2026-05,216053.33
2026-05,240517.06
2026-05,268281.44
2026-05,258828.28
2026-05,320755.53
2026-05,297660.71
2026-05,364303.32
2026-05,269280.83
2026-05,224392.01
2026-05,231179.0
2026-05,295690.29
2026-05,233801.54
2026-05,207493.79
2026-05,239733.92
2026-05,226489.95
2026-05,221751.89
2026-05,312344.76
2026-05,262401.98
2026-05,223480.81
2026-05,316453.09
2026-05,282249.12
2026-05,281923.07
2026-05,302248.01
2026-05,220034.71
2026-05,269925.29
2026-05,203009.89
2026-05,230471.2
2026-05,372878.16
2026-05,769473.0
2026-05,253753.61
2026-05,274304.33
2026-05,234482.47
2026-05,285472.56
2026-05,251332.18
2026-05,313953.12
2026-05,267509.79
2026-05,235225.07
2026-05,761613.52
2026-05,219744.09
2026-05,228182.52
2026-05,320529.46
2026-05,269947.37
2026-05,217178.58
2026-05,268963.39
2026-05,306831.44
2026-05,283973.65
2026-05,260028.54
2026-05,297684.49
2026-05,291883.95
2026-05,268974.51
2026-05,287474.11
2026-05,306165.36
2026-05,268184.4
2026-05,370380.32
2026-05,318108.78
2026-05,266574.46
2026-05,226219.12
2026-05,319586.6
2026-05,211909.98
2026-05,243768.74
2026-05,218090.57
2026-05,194812.7
2026-05,280121.07
2026-05,316930.14
2026-05,217748.59
2026-05,315664.16
2026-05,377133.02
2026-05,216838.01
2026-05,220338.15
2026-05,327263.33
2026-05,446299.81
2026-05,351014.76
2026-05,338270.19
2026-05,223891.16
2026-05,235345.19
2026-05,222212.55
2026-05,453454.88
2026-05,201620.26
2026-05,210546.41
2026-05,204125.69
2026-05,306165.36
2026-05,301757.22
2026-05,582831.79
2026-05,260610.56
2026-05,295435.48
2026-05,212224.44
2026-05,275057.07
2026-05,286523.99
2026-05,240228.23
2026-05,312492.99
2026-05,228182.52
2026-05,223472.51
2026-05,249763.74
2026-05,243160.81
2026-05,1227908.96
2026-05,226467.31
2026-05,748557.87
2026-05,212070.95
2026-05,293078.56
2026-05,213307.68
2026-05,308029.77
2026-05,337292.52
2026-05,225729.59
2026-05,317051.88
2026-05,241945.83
2026-05,320681.37
2026-05,214579.99
2026-05,253753.61
2026-05,253394.27
2026-05,202138.3
2026-05,229376.69
2026-05,257000.73
2026-05,212470.69
2026-05,234651.01
2026-05,223446.51
2026-05,287975.97
2026-05,254786.56
2026-05,276564.18
2026-05,276586.39
2026-05,363248.19
2026-05,316832.32
2026-05,210203.91
2026-05,347728.87
2026-05,222746.37
2026-05,268258.95
2026-05,772714.74
2026-05,214505.5
2026-05,256606.89
2026-05,893671.95
2026-05,230763.52
2026-05,205062.11
2026-05,336737.65
2026-05,434746.18
2026-05,356915.7
2026-05,283371.47
2026-05,240228.23
2026-05,252833.5
2026-05,359859.14
2026-05,207587.51
2026-05,294458.94
2026-05,230463.91
2026-05,256208.04
2026-05,316913.61
2026-05,270954.03
2026-05,252944.95
2026-05,309850.05
2026-05,222187.48
2026-05,275725.91
2026-05,257586.56
2026-05,263039.92
2026-05,219950.54
2026-05,310484.01
2026-05,332795.91
2026-05,276050.48
2026-05,836119.38
2026-05,255420.89
2026-05,290895.74
2026-05,257979.49
2026-05,206628.52
2026-05,934468.25
2026-05,315816.31
2026-05,278366.66
2026-05,321912.97
2026-05,272574.31
2026-05,266710.03
2026-05,260592.02
2026-05,209421.93
2026-05,309428.4
2026-05,305965.76
2026-05,231410.99
2026-05,691737.51
2026-05,276277.9
2026-05,238668.21
2026-05,531876.1
2026-05,280931.87
2026-05,204155.74
2026-05,245295.98
2026-05,230971.57
2026-05,335036.13
2026-05,215774.37
2026-05,214815.79
2026-05,870371.31
2026-05,272397.99
2026-05,240826.85
2026-05,320674.74
2026-05,325215.07
2026-05,1020159.99
2026-05,288578.74
2026-05,221922.29
2026-05,270493.16
2026-05,265397.94
2026-05,447384.48
2026-05,297029.7
2026-05,307013.18
2026-05,250509.83
2026-05,317397.07
2026-05,302884.15
2026-05,281448.04
2026-05,295385.42
2026-05,243949.37
2026-05,295184.37
2026-05,321112.47
2026-05,232602.32
2026-05,334852.08
2026-05,306618.08
2026-05,263401.39
2026-05,269609.06
2026-05,284048.34
2026-05,288452.19
2026-05,253650.84
2026-05,287137.41
2026-05,215641.37
2026-05,336649.57
2026-05,239599.48
2026-05,266116.03
2026-05,1012457.19
2026-05,256208.04
2026-05,298733.65
2026-05,304891.21
2026-05,301581.06
2026-05,275430.21
2026-05,280115.91
2026-05,270867.64
2026-05,208217.75
2026-05,223488.35
2026-05,202915.78
2026-05,221774.63
2026-05,222991.16
2026-05,207059.85
2026-05,333119.93
2026-05,631099.87
2026-05,254762.2
2026-05,330905.73
2026-05,230266.05
2026-05,288488.7
2026-05,275057.07
2026-05,215808.87
2026-05,268144.37
2026-05,222621.06
2026-05,1053621.34
2026-05,245002.52
2026-05,300833.84
2026-05,244184.26
2026-05,256208.04
2026-05,275507.36
2026-05,345920.5
2026-05,382275.12
2026-05,287183.0
2026-05,397596.97
2026-05,302902.48
2026-05,259309.29
2026-05,280584.84
2026-05,264697.76
2026-05,254666.97
2026-05,319969.42
2026-05,279632.49
2026-05,272654.59
2026-05,229588.9
2026-05,273743.25
2026-05,302902.48
2026-05,273510.99
2026-05,233153.68
2026-05,230523.23
2026-05,226517.94
2026-05,244103.66
2026-05,322174.12
2026-05,281117.66
2026-05,500615.68
2026-05,270249.26
2026-05,315138.56
2026-05,228394.52
2026-05,283590.72
2026-05,238182.77
2026-05,228738.13
2026-05,306967.78
2026-05,317397.07
2026-05,344636.17
2026-05,199836.69
2026-05,194849.73
2026-05,227629.23
2026-05,281791.12
2026-05,308846.86
2026-05,253396.76
2026-05,378326.04
2026-05,466067.77
2026-05,236319.61
2026-05,435117.85
2026-05,229266.96
2026-05,239976.18
2026-05,212495.92
2026-05,263347.13
2026-05,233792.28
2026-05,280313.48
2026-05,376133.4
2026-05,218784.69
2026-05,377038.88
2026-05,262227.61
2026-05,228076.61
2026-05,301688.26
2026-05,296000.1
2026-05,222806.13
2026-05,230158.63
2026-05,219447.68
2026-05,217516.49
2026-05,205183.51
2026-05,582831.79
2026-05,260539.1
2026-05,216939.36
2026-05,214669.4
2026-05,277579.17
2026-05,210558.87
2026-05,1396392.52
2026-05,224072.62
2026-05,289639.68
2026-05,259467.1
2026-05,269799.93
2026-05,1162641.06
2026-05,229510.32
2026-05,321358.79
2026-05,279206.31
2026-05,303092.61
2026-05,196865.77
2026-05,195886.37
2026-05,281337.72
2026-05,265292.38
2026-05,230285.73
2026-05,750560.6
2026-05,320261.81
2026-05,205643.54
2026-05,266574.46
2026-05,272934.45
2026-05,282078.01
2026-05,270515.99
2026-05,273230.99
2026-05,301168.79
2026-05,286176.26
2026-05,200575.6
2026-05,554180.31
2026-05,202706.07
2026-05,207416.34
2026-05,199978.21
2026-05,287829.42
2026-05,257200.77
2026-05,278468.67
2026-05,294384.2
2026-05,447535.01
2026-05,234960.79
2026-05,308846.86
2026-05,206628.52
2026-05,304378.84
2026-05,297344.64
2026-05,221743.88
2026-05,1678209.59
2026-05,227654.45
2026-05,319033.41
2026-05,285479.67
2026-05,277383.2
2026-05,283320.37
2026-05,704409.93
2026-05,651425.8
2026-05,302562.07
2026-05,319340.31
2026-05,312134.64
2026-05,271124.58
2026-05,1084607.41
2026-05,296158.22
2026-05,264697.76
2026-05,233785.28
2026-05,336922.78
2026-05,229854.05
2026-05,266812.86
2026-05,227315.29
2026-05,194812.31
2026-05,258270.1
2026-05,294878.33
2026-05,322529.03
2026-05,271143.98
2026-05,248948.83
2026-05,250002.01
2026-05,949364.99
2026-05,202729.82
2026-05,263748.87
2026-05,224794.92
2026-05,229798.26
2026-05,249677.51
2026-05,315138.56
2026-05,284166.41
2026-05,279278.35
2026-05,236314.76
2026-05,213307.68
2026-05,258933.03
2026-05,297358.76
2026-05,306049.34
2026-05,1404574.88
2026-05,235478.75
2026-05,236166.83
2026-05,297222.42
2026-05,218698.07
2026-05,316453.09
2026-05,230691.33
2026-05,227646.65
2026-05,288452.19
2026-05,263216.01
2026-05,388297.69
2026-05,205095.14
2026-05,275213.38
2026-05,198910.05
2026-05,299679.85
2026-05,321912.97
2026-05,228570.67
2026-05,265050.75
2026-05,304495.17
2026-05,414215.31
2026-05,239128.97
2026-05,305768.06
2026-05,275011.12
2026-05,318526.0
2026-05,215084.76
2026-05,346063.97
2026-05,949364.99
2026-05,297815.17
2026-05,354072.26
2026-05,228182.52
2026-05,283880.85
2026-05,270864.97
2026-05,319586.6
2026-05,205062.11
2026-05,340113.77
2026-05,320371.12
2026-05,228016.33
2026-05,308593.74
2026-05,281272.31
2026-05,211989.76
2026-05,390546.41
2026-05,230912.64
2026-05,316678.42
2026-05,217229.09
2026-05,238131.61
2026-05,209226.77
2026-05,356915.7
2026-05,241881.63
2026-05,1157048.61
2026-05,250773.58
2026-05,231190.91
2026-05,286811.25
2026-05,1106509.92
2026-05,316827.53
2026-05,248426.66
2026-05,222238.09
2026-05,231529.49
2026-05,217015.24
2026-05,358873.33
2026-05,235883.34
2026-05,208134.29
2026-05,348657.58
2026-05,512515.62
2026-05,228843.83
2026-05,234896.91
2026-05,236642.18
2026-05,261909.67
2026-05,212525.86
2026-05,310977.23
2026-05,205345.56
2026-05,220813.77
2026-05,294308.9
2026-05,212093.86
2026-05,217374.81
2026-05,266443.56
2026-05,212494.23
2026-05,214553.05
2026-06,224620.63
2026-06,202616.39
2026-06,253886.07
2026-06,258056.28
2026-06,243666.6
2026-06,211220.65
2026-06,316934.81
2026-06,262737.11
2026-06,821992.39
2026-06,591268.73
2026-06,263220.89
2026-06,265274.64
2026-06,232501.8
2026-06,206226.17
2026-06,283141.32
2026-06,229416.63
2026-06,283584.13
2026-06,286196.31
2026-06,290141.42
2026-06,291526.29
2026-06,213305.29
2026-06,276605.99
2026-06,204647.88
2026-06,375072.84
2026-06,398481.3
2026-06,220284.17
2026-06,286852.33
2026-06,283344.73
2026-06,312020.31
2026-06,217981.4
2026-06,284407.07
2026-06,339725.1
2026-06,1112756.37
2026-06,206146.17
2026-06,288805.25
2026-06,247855.77
2026-06,206146.17
2026-06,292046.56
2026-06,282832.62
2026-06,222712.74
2026-06,252872.64
2026-06,263598.77
2026-06,329154.44
2026-06,270841.16
2026-06,245796.45
2026-06,285067.94
2026-06,226578.04
2026-06,334318.48
2026-06,237733.21
2026-06,250143.35
2026-06,240410.49
2026-06,290771.8
2026-06,265426.78
2026-06,286236.86
2026-06,266080.28
2026-06,263641.84
2026-06,289047.25
2026-06,333467.17
2026-06,251287.01
2026-06,284407.07
2026-06,1622742.0
2026-06,277719.98
2026-06,378187.79
2026-06,298877.17
2026-06,284356.7
2026-06,215255.14
2026-06,291103.83
2026-06,283912.27
2026-06,197944.52
2026-06,310521.95
2026-06,345663.71
2026-06,728518.68
2026-06,284426.05
2026-06,246330.29
2026-06,978425.9
2026-06,283425.44
2026-06,250395.94
2026-06,296691.46
2026-06,233181.6
2026-06,261804.11
2026-06,284715.08
2026-06,332957.61
2026-06,294639.2
2026-06,279245.25
2026-06,227034.22
2026-06,700268.42
2026-06,220414.49
2026-06,266733.59
2026-06,299564.16
2026-06,1494820.35
2026-06,738771.63
2026-06,1279045.95
2026-06,202404.93
2026-06,281367.51
2026-06,240314.53
2026-06,215133.69
2026-06,340663.41
2026-06,226978.5
2026-06,256609.57
2026-06,250615.62
2026-06,302793.25
2026-06,925423.79
2026-06,325398.84
2026-06,325324.45
2026-06,269378.45
2026-06,225387.5
2026-06,206627.55
2026-06,282973.87
2026-06,303718.38
2026-06,211347.89
2026-06,299681.2
2026-06,282973.87
2026-06,223846.53
2026-06,203020.43
2026-06,294303.56
2026-06,231805.24
2026-06,282147.82
2026-06,220273.58
2026-06,237379.89
2026-06,251752.01
2026-06,273697.35
2026-06,281862.19
2026-06,280114.86
2026-06,232066.1
2026-06,306832.57
2026-06,802858.14
2026-06,222026.37
2026-06,199704.9
2026-06,227677.63
2026-06,228304.89
2026-06,284461.34
2026-06,322265.39
2026-06,355753.36
2026-06,337808.1
2026-06,256366.95
2026-06,270983.1
2026-06,301546.49
2026-06,215133.69
2026-06,230616.5
2026-06,301109.25
2026-06,472333.58
2026-06,211345.6
2026-06,195642.86
2026-06,234401.82
2026-06,642603.94
2026-06,214314.9
2026-06,265048.67
2026-06,237766.15
2026-06,272618.02
2026-06,984882.02
2026-06,322441.46
2026-06,303947.73
2026-06,224322.74
2026-06,237364.24
2026-06,208399.48
2026-06,311823.3
2026-06,213633.33
2026-06,263408.33
2026-06,295000.18
2026-06,294242.62
2026-06,207166.04
2026-06,272302.69
2026-06,263256.66
2026-06,227132.16
2026-06,269851.96
2026-06,216245.12
2026-06,333894.61
2026-06,295934.36
2026-06,315994.69
2026-06,328955.84
2026-06,260031.31
2026-06,224221.04
2026-06,370242.11
2026-06,281862.19
2026-06,225416.27
2026-06,234378.3
2026-06,771629.18
2026-06,284426.05
2026-06,312841.71
2026-06,296754.27
2026-06,285798.4
2026-06,230167.56
2026-06,239481.15
2026-06,324180.24
2026-06,287804.56
2026-06,349419.5
2026-06,277170.57
2026-06,284720.21
2026-06,299554.14
2026-06,215297.78
2026-06,306394.09
2026-06,269932.61
2026-06,277719.98
2026-06,370754.76
2026-06,274389.24
2026-06,289179.74
2026-06,207419.58
2026-06,257256.27
2026-06,304989.6
2026-06,277635.77
2026-06,291103.83
2026-06,286920.08
2026-06,301830.47
2026-06,278372.0
2026-06,337882.55
2026-06,262838.12
2026-06,216767.62
2026-06,1014954.95
2026-06,288729.59
2026-06,208399.48
2026-06,235105.13
2026-06,273267.06
2026-06,233872.38
2026-06,255530.97
2026-06,275086.03
2026-06,224154.07
2026-06,247352.14
2026-06,327250.0
2026-06,215549.62
2026-06,210040.75
2026-06,232091.36
2026-06,266868.65
2026-06,244045.91
2026-06,266902.88
2026-06,273564.91
2026-06,242127.19
2026-06,1010321.42
2026-06,802858.14
2026-06,252247.12
2026-06,282513.39
2026-06,328471.94
2026-06,339349.28
2026-06,230269.93
2026-06,217003.76
2026-06,851712.44
2026-06,207419.58
2026-06,260519.13
2026-06,308029.85
2026-06,283933.09
2026-06,264571.58
2026-06,305109.56
2026-06,282583.98
2026-06,268927.59
2026-06,284442.5
2026-06,254892.85
2026-06,288207.66
2026-06,236457.06
2026-06,231127.95
2026-06,240410.49
2026-06,350491.3
2026-06,257419.01
2026-06,223278.12
2026-06,777545.06
2026-06,272903.54
2026-06,270998.38
2026-06,284871.12
2026-06,280156.47
2026-06,216107.7
2026-06,250671.46
2026-06,282973.87
2026-06,288805.25
2026-06,273697.35
2026-06,226900.0
2026-06,263598.77
2026-06,263110.98
2026-06,307247.99
2026-06,853439.27
2026-06,280560.19
2026-06,280507.05
2026-06,292823.88
2026-06,367046.05
2026-06,290840.47
2026-06,215133.69
2026-06,289785.23
2026-06,243721.76
2026-06,272837.0
2026-06,245800.46
2026-06,274552.29
2026-06,269424.43
2026-06,298028.11
2026-06,235879.95
2026-06,225883.36
2026-06,276096.68
2026-06,226066.34
2026-06,222974.41
2026-06,258210.64
2026-06,265102.26
2026-06,313646.64
2026-06,269832.81
2026-06,229082.03
2026-06,278002.0
2026-06,231332.7
2026-06,287792.58
2026-06,311890.02
2026-06,362549.62
2026-06,224620.63
2026-06,253072.05
2026-06,720979.73
2026-06,260623.59
2026-06,233749.62
2026-06,272246.78
2026-06,211129.19
2026-06,254276.52
2026-06,326551.75
2026-06,228029.37
2026-06,214314.9
2026-06,252853.87
2026-06,293201.65
2026-06,321293.89
2026-06,367046.05
2026-06,230215.74
2026-06,829466.51
2026-06,309149.08
2026-06,215398.16
2026-06,311187.93
2026-06,222524.02
2026-06,264757.33
2026-06,260461.1
2026-06,224899.23
2026-06,241130.35
2026-06,310835.45
2026-06,243655.78
2026-06,287244.71
2026-06,201087.99
2026-06,223896.42
2026-06,303493.71
2026-06,234547.05
2026-06,392726.89
2026-06,214143.04
2026-06,276134.9
2026-06,240697.51
2026-06,278449.53
2026-06,302011.83
2026-06,249317.9
2026-06,234954.35
2026-06,217269.01
2026-06,272618.02
2026-06,244290.31
2026-06,259346.21
2026-06,238506.21
2026-06,374212.74
2026-06,251579.88
2026-06,1386108.29
2026-06,765270.04
2026-06,243665.39
2026-06,866573.58
2026-06,299478.42
2026-06,960665.29
2026-06,292428.2
2026-06,240634.14
2026-06,240779.23
2026-06,307361.31
2026-06,291154.52
2026-06,307806.01
2026-06,325997.48
2026-06,266222.82
2026-06,304139.05
2026-06,302291.38
2026-06,238444.32
2026-06,232091.36
2026-06,287948.53
2026-06,258730.64
2026-06,411318.76
2026-06,1333662.57
2026-06,284180.95
2026-06,1179237.72
2026-06,274762.92
2026-06,264440.73
2026-06,233104.07
2026-06,1069489.54
2026-06,339522.96
2026-06,301954.92
2026-06,220753.33
2026-06,313326.1
2026-06,230458.63
2026-06,295258.04
2026-06,232312.15
2026-06,826938.46
2026-06,283473.23
2026-06,302697.0
2026-06,294242.62
2026-06,215458.14
2026-06,325355.66
2026-06,306241.86
2026-06,225511.16
2026-06,699854.47
2026-06,277351.3
2026-06,276793.84
2026-06,282887.37
2026-06,225663.37
2026-06,257256.27
2026-06,329752.36
2026-06,232610.52
2026-06,274994.92
2026-06,212542.97
2026-06,960665.29
2026-06,706714.95
2026-06,932448.02
2026-06,271466.52
2026-06,205118.73
2026-06,473593.86
2026-06,296762.89
2026-06,308947.09
2026-06,255095.14
2026-06,372294.12
2026-06,259343.46
2026-06,284482.39
2026-06,232610.52
2026-06,249578.95
2026-06,228849.43
2026-06,320448.61
2026-06,719744.54
2026-06,209004.36
2026-06,306697.07
2026-06,311961.05
2026-06,216089.26
2026-06,314948.62
2026-06,310186.1
2026-06,366490.81
2026-06,302462.79
2026-06,234536.28
2026-06,352404.2
2026-06,975417.9
2026-06,322441.46
2026-06,260283.24
2026-06,279059.82
2026-06,273518.59
2026-06,636819.7
2026-06,237454.42
2026-06,280431.07
2026-06,317182.47
2026-06,219435.7
2026-06,213752.38
2026-06,300024.89
2026-06,255709.31
2026-06,228817.88
2026-06,302410.52
2026-06,267699.79
2026-06,263298.16
2026-06,289264.57
2026-06,309845.02
2026-06,228619.08
2026-06,390127.34
2026-06,283425.44
2026-06,260797.55
2026-06,240070.67
2026-06,385972.09
2026-06,258567.08
2026-06,228323.73
2026-06,246864.7
2026-06,217374.14
2026-06,287137.76
2026-06,283200.77
2026-06,283643.71
2026-06,523061.58
2026-06,523061.58
2026-06,304088.4
2026-06,272719.73
2026-06,245564.61
2026-06,233337.47
2026-06,313472.55
2026-06,461189.88
2026-06,339844.33
2026-06,225153.55
2026-06,308984.02
2026-06,314209.27
2026-06,258806.03
2026-06,294387.18
2026-06,865789.91
2026-06,507145.7
2026-06,270025.2
2026-06,278966.56
2026-06,299067.13
2026-06,291437.7
2026-06,311961.05
2026-06,226306.52
2026-06,291437.7
2026-06,278136.47
2026-06,277719.98
2026-06,246163.69
2026-06,301067.8
2026-06,281367.51
2026-06,292043.37
2026-06,302697.0
2026-06,293636.57
2026-06,720979.73
2026-06,310931.84
2026-06,299423.72
2026-06,238744.76
2026-06,257105.73
2026-06,321785.09
2026-06,242804.47
2026-06,214808.86
2026-06,288351.77
2026-06,293066.06
2026-06,230591.31
2026-06,340691.85
2026-06,2546045.05
2026-06,254030.65
2026-06,278983.31
2026-06,355219.9
2026-06,221507.1
2026-06,267515.95
2026-06,259190.99
2026-06,242448.87
2026-06,347940.41
2026-06,319661.2
2026-06,232285.96
2026-06,254848.77
2026-06,226455.97
2026-06,217413.98
2026-06,879564.09
2026-06,666099.56
2026-06,206191.5
2026-06,302410.52
2026-06,287047.41
2026-06,302926.06
2026-06,1156739.8
2026-06,1147075.07
2026-06,213959.1
2026-06,529130.07
2026-06,233838.85
2026-06,212045.98
2026-06,259765.33
2026-06,326260.58
2026-06,223983.78
2026-06,216516.94
2026-06,257239.85
2026-06,259311.4
2026-06,253845.34
2026-06,333894.61
2026-06,200997.49
2026-06,834093.32
2026-06,213538.9
2026-06,279076.59
2026-06,224674.72
2026-06,303176.64
2026-06,320681.3
2026-06,289276.3
2026-06,342505.53
2026-06,1444476.5
2026-06,243293.5
2026-06,311890.02
2026-06,282792.58
2026-06,319736.75
2026-06,800603.88
2026-06,286834.36
2026-06,237733.11
2026-06,285096.33
2026-06,232353.93
2026-06,306054.11
2026-06,608714.21
2026-06,318268.9
2026-06,314374.23
2026-06,228776.67
2026-06,615119.53
2026-06,226455.97
2026-06,401421.12
2026-06,305890.14
2026-06,230850.07
2026-06,217497.58
2026-06,264536.26
2026-06,334364.6
2026-06,431703.48
2026-06,241368.11
2026-06,211495.94
2026-06,229061.25
2026-06,223803.92
2026-06,231127.95
2026-06,285989.27
2026-06,262510.13
2026-06,230627.04
2026-06,289313.01
2026-06,291865.72
2026-06,312856.97
2026-06,206191.5
2026-06,281862.19
2026-06,221723.27
2026-06,225042.84
2026-06,227763.37
2026-06,262838.24
2026-06,233064.28
2026-06,570203.73
2026-06,218640.53
2026-06,269731.92
2026-06,202626.71
2026-06,261938.63
2026-06,322263.99
2026-06,237113.83
2026-06,608714.21
2026-06,308150.38
2026-06,369188.05
2026-06,399013.05
2026-06,304468.74
2026-06,275136.13
2026-06,283950.22
2026-06,261351.07
2026-06,322770.45
2026-06,270746.22
2026-06,356751.11
2026-06,332335.79
2026-06,290245.21
2026-06,271466.52
2026-06,281997.39
2026-06,235787.26
2026-06,218714.32
2026-06,293479.88
2026-06,216767.62
2026-06,286100.3
2026-06,209454.2
2026-06,289581.61
2026-06,205328.51
2026-06,233835.05
2026-06,292766.7
2026-06,219842.63
2026-06,239138.07
2026-06,811861.81
2026-06,880092.81
2026-06,302412.8
2026-06,258777.38
2026-06,315726.8
2026-06,272965.86
2026-06,287897.54
2026-06,230088.38
2026-06,266246.78
2026-06,337636.28
2026-06,281268.85
2026-06,248923.11
2026-06,294656.2
2026-06,240410.49
2026-06,677789.56
2026-06,1279045.95
2026-06,222135.86
2026-06,243706.39
2026-06,340396.59
2026-06,326682.65
2026-06,244633.98
2026-06,582413.93
2026-06,247202.77
2026-06,199085.0
2026-06,290571.33
2026-06,329015.83
2026-06,277370.54
2026-06,291842.11
2026-06,923025.9
2026-06,798505.48
2026-06,272965.86
2026-06,261777.13
2026-06,237100.94
2026-06,392639.18
2026-06,278798.78
2026-06,325822.8
2026-06,294903.97
2026-06,196380.5
2026-06,215076.11
2026-06,252094.8
2026-06,323183.22
2026-06,240974.7
2026-06,209210.18
2026-06,287671.58
2026-06,308430.92
2026-06,243958.76
2026-06,225525.94
2026-06,217957.66
2026-06,1026180.39
2026-06,251721.34
2026-06,211903.64
2026-06,298028.11
2026-06,277381.71
2026-06,211870.94
2026-06,274347.49
2026-06,286957.72
2026-06,217590.94
2026-06,261529.25
2026-06,235380.74
2026-06,226978.5
2026-06,1030324.95
2026-06,866573.58
2026-06,298176.96
2026-06,293392.21
2026-06,984882.02
2026-06,226340.08
2026-06,1308224.91
2026-06,305952.41
2026-06,219106.53
2026-06,203249.02
2026-06,249141.95
2026-06,252292.18
2026-06,291865.72
2026-06,388112.39
2026-06,777267.1
2026-06,256817.83
2026-06,298635.41
2026-06,234401.82
2026-06,240746.0
2026-06,251974.92
2026-06,231506.15
2026-06,231127.95
2026-06,269366.39
2026-06,295921.54
2026-06,350775.8
2026-06,207768.58
2026-06,226991.21
2026-06,221552.81
2026-06,211378.11
2026-06,226083.56
2026-06,231419.05
2026-06,227741.47
2026-06,236457.06
2026-06,264851.42
2026-06,302793.25
2026-06,227779.97
2026-06,228136.66
2026-06,231832.25
2026-06,213043.81
2026-06,231984.81
2026-06,217575.04
2026-06,272622.7
2026-06,217346.2
2026-06,309973.1
2026-06,203496.94
2026-06,279678.39
2026-06,287405.31
2026-06,283608.6
2026-06,866884.32
2026-06,278402.68
2026-06,281728.14
2026-06,392726.89
2026-06,932563.21
2026-06,200608.04
2026-06,301645.03
2026-06,235271.27
2026-06,315198.54
2026-06,529130.07
2026-06,1451982.01
2026-06,359414.3
2026-06,226083.56
2026-06,305188.95
2026-06,276828.67
2026-06,251752.01
2026-06,279139.11
2026-06,205786.91
2026-06,306537.57
2026-06,277462.79
2026-06,259275.25
2026-06,268122.07
2026-06,239995.6
2026-06,232241.49
2026-06,214986.97
2026-06,371669.63
2026-06,312034.83
2026-06,278980.0
2026-06,340297.4
2026-06,260085.03
2026-06,287047.41
2026-06,241507.11
2026-06,206505.59
2026-06,308152.35
2026-06,273518.59
2026-06,225386.06
2026-06,241170.8
2026-06,358368.25
2026-06,259104.72
2026-06,306482.17
2026-06,215398.16
2026-06,284839.11
2026-06,283141.32
2026-06,208331.89
2026-06,250487.41
2026-06,342485.27
2026-06,261994.03
2026-06,283425.44
2026-06,375785.4
2026-06,269057.06
2026-06,811861.81
2026-06,242520.28
2026-06,226910.8
2026-06,307586.0
2026-06,317056.63
2026-06,236373.73
2026-06,265048.67
2026-06,277635.77
2026-06,563666.84
2026-06,222846.59
2026-06,699854.47
2026-06,895794.14
2026-06,224691.4
2026-06,233337.47
2026-06,297703.39
2026-06,289872.55
2026-06,231749.96
2026-06,306071.61
2026-06,223501.56
2026-06,234378.3
2026-06,217934.73
2026-06,286079.96
2026-06,272176.32
2026-06,283209.61
2026-06,255546.46
2026-06,292540.96
2026-06,321131.94
2026-06,283367.72
2026-06,313461.45
2026-06,212045.98
2026-06,388112.39
2026-06,280820.75
2026-06,246831.13
2026-06,291682.14
2026-06,240746.0
2026-06,1297885.38
2026-06,802858.14
2026-06,274170.05
2026-06,331562.56
2026-06,283424.99
2026-06,294170.03
2026-06,301917.51
2026-06,337174.15
2026-06,225549.68
2026-06,392726.89
2026-06,263559.87
2026-06,297813.79
2026-06,415698.11
2026-06,229514.11
2026-06,269050.24
2026-06,284715.08
2026-06,260742.53
2026-06,284845.68
2026-06,302410.52
2026-06,375072.84
2026-06,252359.85
2026-06,324709.11
2026-06,281102.29
2026-06,295484.95
2026-06,345915.74
2026-06,231630.32
2026-06,214952.22
2026-06,226854.61
2026-06,260450.59
2026-06,198998.66
2026-06,300738.81
2026-06,220343.16
2026-06,328631.19
2026-06,270502.5
2026-06,235024.09
2026-06,318290.36
2026-06,300319.24
2026-06,284475.82
2026-06,288129.3
2026-06,262718.9
2026-06,224283.88
2026-06,326357.36
2026-06,269710.85
2026-06,283200.77
2026-06,245907.99
2026-06,260064.2
2026-06,283182.29
2026-06,219957.57
2026-06,285863.74
2026-06,263804.8
2026-06,215300.26
2026-06,443566.63
2026-06,216088.31
2026-06,255861.07
2026-06,224083.86
2026-06,618535.6
2026-06,281574.96
2026-06,205833.98
2026-06,347717.14
2026-06,261961.58
2026-06,272630.22
2026-06,1916620.99
2026-06,272770.54
2026-06,272770.09
2026-06,283395.7
2026-06,231894.27
2026-06,284785.75
2026-06,195592.42
2026-06,274045.06
2026-06,488658.31
2026-06,273174.96
2026-06,286620.84
2026-06,291893.96
2026-06,1300252.98
2026-06,277407.17
2026-06,273261.76
2026-06,253825.87
2026-06,230724.13
2026-06,222917.61
2026-06,233427.62
2026-06,227983.59
2026-06,240319.15
2026-06,294254.29
2026-06,343811.06
2026-06,255941.68
2026-06,327142.59
2026-06,274048.66
2026-06,213981.57
2026-06,350952.47
2026-06,297243.26
2026-06,262115.94
2026-06,310269.94
2026-06,239481.15
2026-06,231127.95
2026-06,932563.21
2026-06,350882.77
2026-06,290586.5
2026-06,228627.49
2026-06,273642.75
2026-06,925423.79
2026-06,306143.3
2026-06,283994.23
2026-06,286985.93
2026-06,237592.56
2026-06,309377.52
2026-06,678866.33
2026-06,280209.47
2026-06,250143.35
2026-06,291228.18
2026-06,245422.79
2026-06,223418.0
2026-06,212532.7
2026-06,288412.62
2026-06,341548.16
2026-06,290080.54
2026-06,277407.17
2026-06,340910.37
2026-06,440321.29
2026-06,523061.58
2026-06,388112.39
2026-06,228464.77
2026-06,271434.62
2026-06,318268.9
2026-06,350254.92
2026-06,216408.92
2026-06,353299.88
2026-06,305200.73
2026-06,243465.09
2026-06,771629.18
2026-06,347945.41
2026-06,563666.84
2026-06,370918.33
2026-06,669275.52
2026-06,246679.69
2026-06,298555.55
2026-06,219739.03
2026-06,222524.02
2026-06,360806.76
2026-06,489700.48
2026-06,259260.31
2026-06,289785.23
2026-06,294820.95
2026-06,285863.74
2026-06,224359.95
2026-06,225729.99
2026-06,235879.95
2026-06,288615.29
2026-06,220816.76
2026-06,283734.88
2026-06,319130.91
2026-06,270025.2
2026-06,1010321.42
2026-06,519733.81
2026-06,573007.23
2026-06,387897.06
2026-06,425627.29
2026-06,295907.73
2026-06,249746.48
2026-06,285320.34
2026-06,211226.29
2026-06,261001.22
2026-06,229131.32
2026-06,368321.41
2026-06,226386.5
2026-06,337054.72
2026-06,226023.58
2026-06,282792.58
2026-06,320911.17
2026-06,308040.93
2026-06,332373.27
2026-06,380434.78
2026-06,327142.59
2026-06,289500.36
2026-06,223295.37
2026-06,204021.61
2026-06,272802.76
2026-06,234196.1
2026-06,286454.17
2026-06,280396.02
2026-06,425627.29
2026-06,318490.89
2026-06,255613.91
2026-06,280924.18
2026-06,265875.27
2026-06,282861.38
2026-06,245430.43
2026-06,367303.51
2026-06,391331.92
2026-06,281817.53
2026-06,233427.62
2026-06,303681.13
2026-07,213330.73
2026-07,214725.41
2026-07,311064.39
2026-07,236650.78
2026-07,273126.64
2026-07,329367.31
2026-07,345607.95
2026-07,232771.1
2026-07,310906.91
2026-07,303275.63
2026-07,1008327.14
2026-07,229471.84
2026-07,295942.57
2026-07,268919.28
2026-07,215561.06
2026-07,290708.92
2026-07,234221.84
2026-07,252491.53
2026-07,340294.75
2026-07,272027.94
2026-07,528395.95
2026-07,250623.37
2026-07,329363.62
2026-07,506449.16
2026-07,316126.38
2026-07,356696.79
2026-07,293890.6
2026-07,293737.76
2026-07,221790.19
2026-07,313532.73
2026-07,231557.24
2026-07,233769.52
2026-07,284343.33
2026-07,285139.91
2026-07,295944.72
2026-07,232433.51
2026-07,236127.25
2026-07,278267.4
2026-07,282420.24
2026-07,231189.66
2026-07,287955.45
2026-07,432994.46
2026-07,232978.56
2026-07,215793.53
2026-07,278107.42
2026-07,292228.59
2026-07,217780.82
2026-07,782546.88
2026-07,285450.83
2026-07,207839.54
2026-07,300170.73
2026-07,319281.06
2026-07,219089.29
2026-07,293737.76
2026-07,274779.79
2026-07,307685.72
2026-07,361113.79
2026-07,209908.4
2026-07,269145.06
2026-07,748936.37
2026-07,280027.97
2026-07,234690.26
2026-07,224199.17
2026-07,303160.04
2026-07,638043.28
2026-07,298460.37
2026-07,243275.79
2026-07,230923.6
2026-07,210417.11
2026-07,293639.63
2026-07,275850.06
2026-07,233401.02
2026-07,256939.9
2026-07,298200.9
2026-07,269642.84
2026-07,286218.63
2026-07,333538.08
2026-07,203403.57
2026-07,804248.94
2026-07,245016.55
2026-07,230112.18
2026-07,696165.63
2026-07,223960.7
2026-07,302825.05
2026-07,220875.91
2026-07,285941.63
2026-07,246131.55
2026-07,803785.36
2026-07,323286.59
2026-07,292379.99
2026-07,340422.04
2026-07,449917.19
2026-07,440505.62
2026-07,974561.08
2026-07,311646.39
2026-07,244807.08
2026-07,208237.68
2026-07,244952.03
2026-07,266571.02
2026-07,307691.63
2026-07,236170.09
2026-07,210417.11
2026-07,319684.68
2026-07,272682.67
2026-07,285299.91
2026-07,785294.47
2026-07,242048.43
2026-07,230774.35
2026-07,271542.01
2026-07,285502.76
2026-07,444402.99
2026-07,1255812.1
2026-07,267593.12
2026-07,265557.4
2026-07,277739.57
2026-07,308291.91
2026-07,218078.56
2026-07,225290.06
2026-07,252043.32
2026-07,385094.72
2026-07,238585.25
2026-07,239849.94
2026-07,334702.84
2026-07,1229714.42
2026-07,295668.06
2026-07,244289.6
2026-07,281115.2
2026-07,307085.65
2026-07,313044.45
2026-07,311515.69
2026-07,286647.45
2026-07,426446.63
2026-07,275161.93
2026-07,220133.86
2026-07,302194.62
2026-07,230923.6
2026-07,282023.45
2026-07,227981.17
2026-07,331921.58
2026-07,212630.77
2026-07,281696.83
2026-07,189373.84
2026-07,296366.47
2026-07,204080.94
2026-07,225411.5
2026-07,321153.61
2026-07,246403.65
2026-07,200399.79
2026-07,287845.04
2026-07,254043.61
2026-07,371001.7
2026-07,869825.75
2026-07,290852.42
2026-07,320639.86
2026-07,271789.09
2026-07,226302.5
2026-07,277575.48
2026-07,214527.65
2026-07,1215496.04
2026-07,281051.22
2026-07,197159.64
2026-07,281123.6
2026-07,222328.12
2026-07,371553.04
2026-07,246403.65
2026-07,315056.58
2026-07,294093.44
2026-07,295220.43
2026-07,228909.32
2026-07,275927.34
2026-07,212022.02
2026-07,264176.0
2026-07,233734.36
2026-07,293562.75
2026-07,210307.69
2026-07,290841.75
2026-07,756691.44
2026-07,211825.44
2026-07,286647.45
2026-07,236039.18
2026-07,294093.44
2026-07,239004.22
2026-07,233602.7
2026-07,231699.42
2026-07,301924.13
2026-07,327475.26
2026-07,286449.17
2026-07,330412.15
2026-07,577365.54
2026-07,233602.7
2026-07,206189.94
2026-07,242913.02
2026-07,273773.01
2026-07,335823.2
2026-07,249018.98
2026-07,277507.91
2026-07,213923.63
2026-07,302715.59
2026-07,221486.0
2026-07,279875.27
2026-07,225868.47
2026-07,298734.48
2026-07,334530.35
2026-07,207351.94
2026-07,205650.92
2026-07,208554.39
2026-07,2273911.4
2026-07,267769.2
2026-07,407168.31
2026-07,274933.75
2026-07,236161.75
2026-07,306489.12
2026-07,254024.53
2026-07,260570.15
2026-07,271836.54
2026-07,292994.11
2026-07,279627.62
2026-07,348309.68
2026-07,257037.53
2026-07,436167.55
2026-07,369792.0
2026-07,253943.26
2026-07,225058.74
2026-07,348865.41
2026-07,390508.9
2026-07,311866.31
2026-07,342952.94
2026-07,270257.24
2026-07,370593.85
2026-07,301474.68
2026-07,817708.93
2026-07,293696.22
2026-07,229716.2
2026-07,297693.86
2026-07,291177.8
2026-07,296664.87
2026-07,275336.0
2026-07,284282.26
2026-07,284598.34
2026-07,295292.4
2026-07,276669.25
2026-07,240692.61
2026-07,193446.48
2026-07,332167.8
2026-07,276669.25
2026-07,323372.41
2026-07,268317.81
2026-07,222462.48
2026-07,352613.06
2026-07,262191.13
2026-07,291231.88
2026-07,212072.4
2026-07,303846.47
2026-07,304754.31
2026-07,319827.8
2026-07,247600.15
2026-07,250765.64
2026-07,289536.78
2026-07,274071.47
2026-07,746491.4
2026-07,259802.42
2026-07,211416.67
2026-07,245986.46
2026-07,884001.54
2026-07,276534.31
2026-07,271639.87
2026-07,332042.38
2026-07,230408.69
2026-07,263963.9
2026-07,273316.22
2026-07,267195.03
2026-07,251095.89
2026-07,294771.44
2026-07,254344.77
2026-07,291721.21
2026-07,260233.24
2026-07,313637.35
2026-07,233740.59
2026-07,295012.82
2026-07,231646.44
2026-07,295116.31
2026-07,229378.61
2026-07,336529.05
2026-07,1757510.0
2026-07,298593.78
2026-07,213923.63
2026-07,278402.89
2026-07,588999.05
2026-07,254294.4
2026-07,304632.18
2026-07,293128.02
2026-07,275717.01
2026-07,290565.62
2026-07,295973.21
2026-07,252300.13
2026-07,299639.75
2026-07,266620.85
2026-07,315056.58
2026-07,315665.96
2026-07,257412.22
2026-07,363931.33
2026-07,217674.75
2026-07,214616.47
2026-07,345956.45
2026-07,209655.91
2026-07,309804.4
2026-07,204246.64
2026-07,260570.15
2026-07,278314.77
2026-07,235453.8
2026-07,206022.19
2026-07,285575.86
2026-07,271058.89
2026-07,318911.84
2026-07,289583.76
2026-07,315647.96
2026-07,265249.66
2026-07,252505.02
2026-07,241008.38
2026-07,229831.64
2026-07,399973.28
2026-07,361552.44
2026-07,266116.92
2026-07,294252.61
2026-07,271861.56
2026-07,231893.37
2026-07,437420.28
2026-07,354081.32
2026-07,872359.56
2026-07,486084.64
2026-07,365648.77
2026-07,262107.97
2026-07,1036653.27
2026-07,266404.01
2026-07,226602.85
2026-07,1009090.19
2026-07,314294.96
2026-07,254024.53
2026-07,210769.75
2026-07,275156.24
2026-07,261755.38
2026-07,231395.23
2026-07,324360.42
2026-07,220278.63
2026-07,219177.65
2026-07,217545.9
2026-07,268446.25
2026-07,290896.19
2026-07,1049475.37
2026-07,319315.52
2026-07,320639.86
2026-07,242370.25
2026-07,237544.48
2026-07,267831.94
2026-07,229306.57
2026-07,325024.6
2026-07,277741.46
2026-07,259182.3
2026-07,265277.99
2026-07,259376.91
2026-07,291243.43
2026-07,253983.74
2026-07,234962.25
2026-07,409406.65
2026-07,264570.34
2026-07,299305.21
2026-07,330674.68
2026-07,222912.74
2026-07,263969.91
2026-07,280219.08
2026-07,875653.56
2026-07,249187.85
2026-07,201858.4
2026-07,510332.05
2026-07,322868.19
2026-07,234828.32
2026-07,211083.21
2026-07,240474.43
2026-07,255954.73
2026-07,302209.2
2026-07,533221.8
2026-07,256088.31
2026-07,279875.27
2026-07,252322.41
2026-07,251401.98
2026-07,284045.15
2026-07,247600.15
2026-07,291931.06
2026-07,381790.03
2026-07,227049.15
2026-07,274075.57
2026-07,540092.87
2026-07,235269.78
2026-07,273001.78
2026-07,242693.02
2026-07,237468.38
2026-07,324985.71
2026-07,681561.53
2026-07,310977.75
2026-07,228513.86
2026-07,210562.24
2026-07,293637.74
2026-07,220859.91
2026-07,234037.17
2026-07,292334.17
2026-07,373276.55
2026-07,1333458.43
2026-07,288789.07
2026-07,306013.69
2026-07,269587.87
2026-07,211415.23
2026-07,354475.53
2026-07,271710.43
2026-07,228048.24
2026-07,588999.05
2026-07,229105.33
2026-07,215970.39
2026-07,209287.59
2026-07,318328.87
2026-07,225553.15
2026-07,300227.25
2026-07,226961.48
2026-07,491388.96
2026-07,285610.48
2026-07,274387.45
2026-07,253071.56
2026-07,237753.92
2026-07,239481.84
2026-07,358415.54
2026-07,225240.95
2026-07,278018.17
2026-07,240112.8
2026-07,225420.21
2026-07,218668.85
2026-07,204296.48
2026-07,224193.71
2026-07,289307.46
2026-07,238553.74
2026-07,215577.27
2026-07,232725.72
2026-07,413953.89
2026-07,268477.4
2026-07,257964.83
2026-07,221800.85
2026-07,232329.23
2026-07,283250.1
2026-07,225626.2
2026-07,280139.12
2026-07,497780.93
2026-07,325974.71
2026-07,438798.66
2026-07,225626.2
2026-07,271836.54
2026-07,339092.3
2026-07,223525.03
2026-07,215247.52
2026-07,355639.26
2026-07,315056.58
2026-07,406705.35
2026-07,268446.64
2026-07,382564.15
2026-07,233128.34
2026-07,306825.77
2026-07,294995.91
2026-07,219602.83
2026-07,524408.08
2026-07,290841.75
2026-07,348865.41
2026-07,252699.82
2026-07,293939.17
2026-07,313710.54
2026-07,263792.88
2026-07,298216.19
2026-07,211083.21
2026-07,302444.48
2026-07,222541.38
2026-07,219275.69
2026-07,281998.82
2026-07,216902.3
2026-07,306825.77
2026-07,337694.1
2026-07,343390.07
2026-07,234412.3
2026-07,309691.88
2026-07,212732.24
2026-07,279907.12
2026-07,316757.96
2026-07,258786.46
2026-07,300390.71
2026-07,294838.64
2026-07,232285.15
2026-07,204219.76
2026-07,211388.92
2026-07,275120.7
2026-07,304357.65
2026-07,314102.73
2026-07,232582.75
2026-07,321607.63
2026-07,291303.16
2026-07,330134.23
2026-07,306352.14
2026-07,313179.73
2026-07,315935.34
2026-07,309793.25
2026-07,295346.33
2026-07,287046.61
2026-07,302209.2
2026-07,253597.17
2026-07,275691.35
2026-07,588893.89
2026-07,219406.59
2026-07,310609.46
2026-07,209683.73
2026-07,266109.47
2026-07,211551.81
2026-07,238075.67
2026-07,313688.44
2026-07,279275.7
2026-07,239980.18
2026-07,257412.22
2026-07,196343.8
2026-07,688725.2
2026-07,281990.51
2026-07,205693.71
2026-07,267837.06
2026-07,271710.43
2026-07,1312717.24
2026-07,282578.93
2026-07,296780.98
2026-07,228973.43
2026-07,243797.08
2026-07,431041.08
2026-07,221106.89
2026-07,273191.02
2026-07,264852.16
2026-07,322868.19
2026-07,230865.75
2026-07,217812.25
2026-07,294832.71
2026-07,209024.92
2026-07,307807.21
2026-07,240842.81
2026-07,309667.59
2026-07,310199.12
2026-07,210991.11
2026-07,234828.32
2026-07,332965.04
2026-07,417593.04
2026-07,292268.4
2026-07,391771.91
2026-07,214983.1
2026-07,274127.88
2026-07,205330.29
2026-07,293734.91
2026-07,212022.02
2026-07,297111.6
2026-07,247622.62
2026-07,2543378.31
2026-07,262772.29
2026-07,322933.37
2026-07,203415.9
2026-07,325568.48
2026-07,362915.2
2026-07,452803.11
2026-07,217640.52
2026-07,306489.12
2026-07,251376.16
2026-07,204519.71
2026-07,319160.47
2026-07,307052.74
2026-07,315816.69
2026-07,285382.42
2026-07,285243.7
2026-07,274303.45
2026-07,265644.55
2026-07,1194862.22
2026-07,238864.62
2026-07,227300.57
2026-07,307183.49
2026-07,328482.45
2026-07,297876.89
2026-07,294874.75
2026-07,273779.04
2026-07,505370.55
2026-07,235453.8
2026-07,307624.58
2026-07,928403.8
2026-07,289938.82
2026-07,281276.81
2026-07,270603.44
2026-07,228614.69
2026-07,214527.65
2026-07,303275.63
2026-07,220133.86
2026-07,271275.82
2026-07,206521.63
2026-07,290750.25
2026-07,291742.88
2026-07,280907.45
2026-07,267674.85
2026-07,415421.41
2026-07,878224.42
2026-07,279449.63
2026-07,232949.82
2026-07,304561.94
2026-07,218668.85
2026-07,298428.83
2026-07,286207.55
2026-07,220311.56
2026-07,202965.12
2026-07,273313.87
2026-07,239800.36
2026-07,237064.89
2026-07,1490923.01
2026-07,235054.13
2026-07,266515.06
2026-07,239123.69
2026-07,250306.76
2026-07,224937.34
2026-07,227981.17
2026-07,429776.58
2026-07,281344.68
2026-07,209024.92
2026-07,230865.75
2026-07,271877.23
2026-07,459650.85
2026-07,244070.6
2026-07,205230.0
2026-07,228903.71
2026-07,229035.27
2026-07,252505.02
2026-07,289619.71
2026-07,410793.05
2026-07,283100.82
2026-07,294884.81
2026-07,291425.08
2026-07,275120.7
2026-07,255939.67
2026-07,554629.13
2026-07,259042.94
2026-07,260673.99
2026-07,291989.56
2026-07,280393.69
2026-07,262191.13
2026-07,289296.64
2026-07,267511.3
2026-07,256071.43
2026-07,276228.15
2026-07,277913.73
2026-07,271428.77
2026-07,220567.0
2026-07,205782.49
2026-07,313044.45
2026-07,226895.87
2026-07,287743.26
2026-07,294465.47
2026-07,288809.56
2026-07,250623.37
2026-07,325966.79
2026-07,264799.8
2026-07,214883.55
2026-07,226373.96
2026-07,1009090.19
2026-07,302174.8
2026-07,293686.73
2026-07,262556.61
2026-07,378159.27
2026-07,229047.63
2026-07,190154.68
2026-07,231150.42
2026-07,208049.09
2026-07,2198405.35
2026-07,770429.1
2026-07,225219.79
2026-07,219116.71
2026-07,260570.15
2026-07,308384.83
2026-07,298250.2
2026-07,254879.31
2026-07,221106.89
2026-07,242984.69
2026-07,208111.17
2026-07,283311.41
2026-07,333357.27
2026-07,292170.08
2026-07,320270.2
2026-07,291243.43
2026-07,242557.17
2026-07,261755.38
2026-07,309224.44
2026-07,282375.7
2026-07,268738.09
2026-07,832312.85
2026-07,235269.78
2026-07,314204.7
2026-07,296576.88
2026-07,249317.3
2026-07,265599.53
2026-07,221106.89
2026-07,224508.52
2026-07,298250.2
2026-07,311712.1
2026-07,428215.14
2026-07,273656.72
2026-07,239487.02
2026-07,900698.44
2026-07,297426.3
2026-07,313599.07
2026-07,295346.33
2026-07,190772.0
2026-07,421762.92
2026-07,281357.27
2026-07,234648.03
2026-07,272624.33
2026-07,282157.93
2026-07,275927.34
2026-07,213656.0
2026-07,213391.76
2026-07,223068.61
2026-07,298166.81
2026-07,307094.78
2026-07,273562.18
2026-07,232698.55
2026-07,271830.68
2026-07,502597.11
2026-07,299351.36
2026-07,220354.46
2026-07,264008.39
2026-07,423866.53
2026-07,234101.96
2026-07,197197.47
2026-07,224198.53
2026-07,339400.44
2026-07,212459.42
2026-07,305685.51
2026-07,327459.19
2026-07,225600.25
2026-07,234101.96
2026-07,248495.65
2026-07,273342.27
2026-07,300696.69
2026-07,229471.84
2026-07,308906.94
2026-07,336975.77
2026-07,306126.24
2026-07,213596.16
2026-07,497428.57
2026-07,301994.61
2026-07,215155.48
2026-07,214883.55
2026-07,436891.76
2026-07,274854.01
2026-07,590017.39
2026-07,199874.86
2026-07,291742.88
2026-07,279252.21
2026-07,1050342.34
2026-07,273276.99
2026-07,294936.39
2026-07,324613.38
2026-07,681799.37
2026-07,268376.59
2026-07,239481.84
2026-07,251538.7
2026-07,276366.02
2026-07,324360.42
2026-07,239901.46
2026-07,887786.2
2026-07,220008.03
2026-07,342892.43
2026-07,223753.6
2026-07,237330.12
2026-07,301312.68
2026-07,350224.29
2026-07,301055.19
2026-07,267236.93
2026-07,253453.28
2026-07,613926.08
2026-07,210417.11
2026-07,275618.84
2026-07,241008.38
2026-07,264424.11
2026-07,271382.86
2026-07,216109.43
2026-07,1945308.79
2026-07,217768.12
2026-07,224387.98
2026-07,281344.68
2026-07,325468.55
2026-07,293723.03
2026-07,286643.39
2026-07,231967.69
2026-07,228309.49
2026-07,272369.32
2026-07,293689.7
2026-07,284816.81
2026-07,294252.61
2026-07,291935.52
2026-07,303057.7
2026-07,216456.2
2026-07,301021.02
2026-07,374654.85
2026-07,533163.57
2026-07,270560.37
2026-07,340992.32
2026-07,248265.49
2026-07,222783.12
2026-07,266685.14
2026-07,249030.29
2026-07,313308.93
2026-07,219116.71
2026-07,989955.91
2026-07,249740.36
2026-07,283311.41
2026-07,1319612.12
2026-07,206022.19
2026-07,232838.06
2026-07,378866.05
2026-07,244952.03
2026-07,299554.87
2026-07,237468.38
2026-07,306352.14
2026-07,274191.69
2026-07,260690.55
2026-07,215283.38
2026-07,215155.48
2026-07,227593.31
2026-07,251994.18
2026-07,282417.71
2026-07,211416.67
2026-07,286206.7
2026-07,262600.48
2026-07,270989.63
2026-07,279383.59
2026-07,292986.4
2026-07,282417.71
2026-07,311140.83
2026-07,282420.24
2026-07,245703.82
2026-07,281998.82
2026-07,304461.44
2026-07,292328.63
2026-07,268919.28
2026-07,893827.79
2026-07,1135656.12
2026-07,273828.81
2026-07,332965.04
2026-07,216530.38
2026-07,208611.21
2026-07,213756.96
2026-07,309526.5
2026-07,319635.02
2026-07,219117.33
2026-07,284963.06
2026-07,336389.9
2026-07,220289.39
2026-07,261949.9
2026-07,212624.75
2026-07,303751.97
2026-07,272332.55
2026-07,254024.53
2026-07,289167.11
2026-07,208812.77
2026-07,325821.35
2026-07,344922.16
2026-07,293642.17
2026-07,300099.27
2026-07,1240007.65
2026-07,342892.43
2026-07,281776.71
2026-07,274474.88
2026-07,224792.85
2026-07,258237.84
2026-07,233962.46
2026-07,267963.56
2026-07,277507.91
2026-07,272623.38
2026-07,325568.48
2026-07,289596.97
2026-07,256084.82
2026-07,246789.88
2026-07,270257.24
2026-07,290626.8
2026-07,311287.34
2026-07,282156.42
2026-07,232273.54
2026-07,281924.88
2026-07,205599.18
2026-07,206350.32
2026-07,299356.81
2026-07,203467.88
2026-07,407168.31
2026-07,258985.33
2026-07,293737.76
2026-07,250619.67
2026-07,222230.34
2026-07,704258.34
2026-07,256674.12
2026-07,312890.59
2026-07,281064.78
2026-07,336364.92
2026-07,289572.48
2026-07,333997.36
2026-07,287576.54
2026-07,303751.97
2026-07,280915.89
2026-07,310582.35
2026-07,260674.21
2026-07,308853.08
2026-07,229593.54
2026-07,275618.84
2026-07,344271.04
2026-07,343515.74
2026-07,202793.63
2026-07,255626.34
2026-07,299923.62
2026-07,267243.48
2026-07,240261.77
2026-07,298140.4
2026-07,284963.06
2026-07,292793.81
2026-07,263631.13
2026-07,255232.72
2026-07,338542.06
2026-07,232243.62
2026-07,316450.07
2026-07,274387.45
2026-07,1366788.23
2026-07,315350.65
2026-07,282649.36
2026-07,391237.17
2026-07,210695.44
2026-07,290374.6
2026-07,292785.92
2026-07,239001.5
2026-07,234828.32
2026-07,279164.67
2026-07,280219.08
2026-07,296310.8
2026-07,344810.07
2026-07,276276.39
2026-07,315647.96
2026-07,287717.98
2026-07,1319612.12
2026-07,336975.77
2026-07,207014.91
2026-07,233881.88
2026-07,271632.98
2026-07,221391.26
2026-07,252491.53
2026-07,302770.99
2026-07,193223.49
2026-07,261477.86
2026-07,219096.32
2026-07,267039.99
2026-07,219602.83
2026-07,210769.75
2026-07,890322.04
2026-07,288768.36
2026-07,261046.67
2026-07,312470.05
2026-07,307685.72
2026-07,260578.35
2026-07,261354.55
2026-07,211707.82
2026-07,228104.45
2026-07,648555.45
2026-07,280480.83
2026-07,1176340.57
2026-07,229644.84
2026-07,285160.36
2026-07,219117.33
2026-07,271183.47
2026-07,287872.28
2026-07,230326.26
2026-07,220652.51
2026-07,361552.44
2026-07,207686.48
2026-07,731458.55
2026-07,1234681.88
2026-07,193647.13
2026-07,938930.74
2026-07,288943.43
2026-07,319097.21
2026-07,248725.47
2026-07,295913.72
2026-07,259237.49
2026-07,281990.51
2026-07,1300232.61
2026-07,217061.57
2026-07,203512.92
2026-07,295116.31
2026-07,216902.3
2026-07,362405.54
2026-07,236594.71
2026-07,224651.94
2026-07,302850.94
2026-07,297178.0
2026-07,298274.66
2026-07,225576.54
2026-08,283429.18
2026-08,272739.61
2026-08,456890.67
2026-08,205315.93
2026-08,294219.62
2026-08,226861.17
2026-08,319361.51
2026-08,201686.37
2026-08,313846.06
2026-08,353079.87
2026-08,355447.99
2026-08,259369.33
2026-08,312829.7
2026-08,311732.28
2026-08,308536.77
2026-08,223899.03
2026-08,261609.26
2026-08,239683.9
2026-08,263903.79
2026-08,234689.71
2026-08,231398.49
2026-08,305756.34
2026-08,252388.92
2026-08,218431.93
2026-08,299559.01
2026-08,2271128.57
2026-08,822976.88
2026-08,327477.03
2026-08,240407.07
2026-08,270030.68
2026-08,1139002.4
2026-08,297661.56
2026-08,233844.89
2026-08,295662.84
2026-08,257772.8
2026-08,288713.25
2026-08,231031.04
2026-08,319011.16
2026-08,249005.19
2026-08,289161.68
2026-08,713176.33
2026-08,270909.94
2026-08,280798.15
2026-08,262987.73
2026-08,1154189.94
2026-08,254411.59
2026-08,296899.39
2026-08,213365.97
2026-08,274206.78
2026-08,306093.66
2026-08,277880.12
2026-08,269537.77
2026-08,264108.81
2026-08,274981.35
2026-08,327100.4
2026-08,273747.52
2026-08,233784.14
2026-08,217065.05
2026-08,230635.55
2026-08,235385.4
2026-08,319552.79
2026-08,226616.08
2026-08,225746.85
2026-08,516426.51
2026-08,273938.32
2026-08,271418.55
2026-08,215224.24
2026-08,359603.97
2026-08,307666.9
2026-08,289161.68
2026-08,229659.25
2026-08,214853.04
2026-08,290205.91
2026-08,300164.06
2026-08,300755.34
2026-08,278072.32
2026-08,282900.76
2026-08,300964.96
2026-08,273202.8
2026-08,2177263.99
2026-08,204418.65
2026-08,227313.96
2026-08,195169.88
2026-08,301829.98
2026-08,235090.14
2026-08,257238.67
2026-08,360891.89
2026-08,349506.08
2026-08,244798.9
2026-08,332957.33
2026-08,265891.74
2026-08,283522.42
2026-08,240121.63
2026-08,227464.12
2026-08,311732.28
2026-08,246511.75
2026-08,226357.06
2026-08,813308.02
2026-08,268979.58
2026-08,224332.79
2026-08,312153.09
2026-08,834004.32
2026-08,214647.36
2026-08,296075.31
2026-08,263903.79
2026-08,271633.87
2026-08,650755.66
2026-08,206645.84
2026-08,217837.13
2026-08,292309.5
2026-08,938644.03
2026-08,321901.65
2026-08,302093.49
2026-08,287035.65
2026-08,276322.98
2026-08,253019.0
2026-08,215354.95
2026-08,228845.88
2026-08,255821.11
2026-08,272489.44
2026-08,308427.2
2026-08,210285.46
2026-08,282616.63
2026-08,281507.02
2026-08,234444.8
2026-08,226159.87
2026-08,279857.85
2026-08,259453.75
2026-08,258314.53
2026-08,295513.79
2026-08,257537.96
2026-08,242134.04
2026-08,222664.89
2026-08,216655.36
2026-08,212751.21
2026-08,292816.07
2026-08,296775.38
2026-08,485372.96
2026-08,285388.42
2026-08,1901756.71
2026-08,258704.92
2026-08,281574.76
2026-08,221961.6
2026-08,298723.84
2026-08,267730.09
2026-08,241746.15
2026-08,266960.11
2026-08,259603.02
2026-08,423282.37
2026-08,304158.49
2026-08,269783.71
2026-08,298597.13
2026-08,236671.05
2026-08,223759.34
2026-08,277567.84
2026-08,286696.78
2026-08,360854.25
2026-08,284533.67
2026-08,1061507.33
2026-08,251347.18
2026-08,265845.73
2026-08,303296.29
2026-08,236192.56
2026-08,265830.08
2026-08,256854.42
2026-08,324304.15
2026-08,222138.88
2026-08,266326.44
2026-08,361456.71
2026-08,290716.62
2026-08,273506.47
2026-08,257384.49
2026-08,925948.19
2026-08,242615.42
2026-08,262532.02
2026-08,279082.33
2026-08,365264.06
2026-08,279077.83
2026-08,287561.79
2026-08,234266.76
2026-08,299053.22
2026-08,335410.18
2026-08,252395.56
2026-08,219575.43
2026-08,303586.15
2026-08,244341.66
2026-08,303459.43
2026-08,277590.01
2026-08,226748.64
2026-08,210503.11
2026-08,223630.09
2026-08,270832.21
2026-08,284664.38
2026-08,296513.98
2026-08,254248.79
2026-08,257437.47
2026-08,1711155.82
2026-08,292213.51
2026-08,281613.17
2026-08,242354.71
2026-08,807952.89
2026-08,317806.7
2026-08,284120.84
2026-08,264733.88
2026-08,276180.07
2026-08,253505.79
2026-08,245624.84
2026-08,241388.44
2026-08,287208.92
2026-08,279969.39
2026-08,365516.3
2026-08,315379.2
2026-08,1819193.13
2026-08,304478.63
2026-08,268363.91
2026-08,738486.71
2026-08,357150.87
2026-08,331239.59
2026-08,209343.87
2026-08,300685.6
2026-08,241746.15
2026-08,265927.45
2026-08,243895.11
2026-08,227015.79
2026-08,1061507.33
2026-08,285489.71
2026-08,307827.21
2026-08,231997.96
2026-08,266891.34
2026-08,1393971.29
2026-08,293162.09
2026-08,229725.2
2026-08,347666.92
2026-08,279476.88
2026-08,298030.81
2026-08,449494.06
2026-08,313354.35
2026-08,223565.91
2026-08,272241.63
2026-08,239220.67
2026-08,227647.69
2026-08,304411.01
2026-08,291852.83
2026-08,247276.43
2026-08,900433.26
2026-08,317859.04
2026-08,232869.78
2026-08,350026.8
2026-08,283162.03
2026-08,223565.91
2026-08,275081.81
2026-08,228650.58
2026-08,227035.49
2026-08,283936.83
2026-08,316039.39
2026-08,228030.56
2026-08,291404.87
2026-08,366172.43
2026-08,270415.96
2026-08,214349.14
2026-08,261551.08
2026-08,296509.04
2026-08,226363.41
2026-08,291472.82
2026-08,259825.25
2026-08,259657.15
2026-08,281612.01
2026-08,211809.72
2026-08,273082.51
2026-08,259688.19
2026-08,211073.11
2026-08,231260.89
2026-08,285780.7
2026-08,233784.14
2026-08,276450.25
2026-08,280942.76
2026-08,293834.85
2026-08,349394.04
2026-08,207460.29
2026-08,322072.87
2026-08,257448.31
2026-08,232849.1
2026-08,242415.58
2026-08,459081.01
2026-08,224275.65
2026-08,273597.59
2026-08,207575.04
2026-08,272959.38
2026-08,232373.71
2026-08,213437.18
2026-08,1152236.45
2026-08,282900.76
2026-08,203802.55
2026-08,296834.52
2026-08,354584.64
2026-08,260147.81
2026-08,276920.54
2026-08,293575.04
2026-08,609265.63
2026-08,302084.58
2026-08,275595.22
2026-08,312728.9
2026-08,199897.21
2026-08,287561.79
2026-08,365963.88
2026-08,272156.23
2026-08,263163.94
2026-08,262014.25
2026-08,318578.08
2026-08,428921.83
2026-08,298937.91
2026-08,271365.95
2026-08,202136.95
2026-08,268979.58
2026-08,269470.56
2026-08,272137.48
2026-08,275406.72
2026-08,263093.44
2026-08,280040.63
2026-08,274687.28
2026-08,260448.92
2026-08,345271.95
2026-08,227355.26
2026-08,314655.46
2026-08,378437.01
2026-08,237357.74
2026-08,219831.84
2026-08,288361.51
2026-08,272416.79
2026-08,213564.04
2026-08,264539.31
2026-08,231032.98
2026-08,217854.47
2026-08,291683.9
2026-08,306830.39
2026-08,307168.88
2026-08,220877.0
2026-08,222818.52
2026-08,315183.82
2026-08,208918.0
2026-08,283242.33
2026-08,230134.31
2026-08,306076.8
2026-08,312909.51
2026-08,242659.81
2026-08,300197.24
2026-08,1318334.06
2026-08,269941.05
2026-08,498499.6
2026-08,267404.81
2026-08,268105.22
2026-08,218431.93
2026-08,277266.01
2026-08,635756.81
2026-08,237379.85
2026-08,314806.1
2026-08,292753.62
2026-08,217534.17
2026-08,273159.79
2026-08,267081.98
2026-08,208002.48
2026-08,204328.84
2026-08,273087.24
2026-08,261815.14
2026-08,323965.56
2026-08,420042.23
2026-08,312535.19
2026-08,301929.61
2026-08,240131.42
2026-08,247850.42
2026-08,213220.47
2026-08,261528.45
2026-08,226360.71
2026-08,257384.49
2026-08,224806.86
2026-08,227724.79
2026-08,332957.33
2026-08,917511.16
2026-08,352267.61
2026-08,314480.25
2026-08,280942.76
2026-08,273338.29
2026-08,271324.3
2026-08,439043.51
2026-08,358746.11
2026-08,276499.94
2026-08,245629.74
2026-08,297280.35
2026-08,275081.81
2026-08,205422.8
2026-08,217795.29
2026-08,273227.09
2026-08,255108.61
2026-08,317946.96
2026-08,268515.26
2026-08,278399.45
2026-08,224806.86
2026-08,251658.03
2026-08,289107.88
2026-08,267849.02
2026-08,1241690.62
2026-08,297576.38
2026-08,305598.74
2026-08,223689.26
2026-08,241521.11
2026-08,220257.02
2026-08,225776.05
2026-08,280913.17
2026-08,224830.89
2026-08,269620.3
2026-08,291306.04
2026-08,244447.35
2026-08,309172.35
2026-08,195537.84
2026-08,299398.36
2026-08,200756.5
2026-08,258704.92
2026-08,336353.67
2026-08,292613.55
2026-08,290677.93
2026-08,1159756.55
2026-08,253019.0
2026-08,271206.39
2026-08,224541.4
2026-08,215412.46
2026-08,273227.09
2026-08,228212.96
2026-08,227303.98
2026-08,231641.93
2026-08,284317.92
2026-08,210929.72
2026-08,248242.4
2026-08,261178.06
2026-08,275069.99
2026-08,207460.29
2026-08,266326.44
2026-08,269524.76
2026-08,223343.31
2026-08,298839.13
2026-08,964008.29
2026-08,807807.84
2026-08,210671.97
2026-08,217485.55
2026-08,205441.42
2026-08,289607.72
2026-08,347666.92
2026-08,273133.83
2026-08,264628.15
2026-08,215210.44
2026-08,569547.77
2026-08,277691.7
2026-08,293452.11
2026-08,257078.12
2026-08,310709.97
2026-08,279584.07
2026-08,673536.97
2026-08,283830.0
2026-08,364593.46
2026-08,214262.34
2026-08,224232.4
2026-08,374079.87
2026-08,214647.36
2026-08,787098.0
2026-08,283505.13
2026-08,263796.41
2026-08,299089.81
2026-08,208633.0
2026-08,252939.57
2026-08,1630427.78
2026-08,226423.59
2026-08,206007.53
2026-08,306288.0
2026-08,295550.3
2026-08,264733.88
2026-08,299334.35
2026-08,213764.74
2026-08,247719.29
2026-08,273995.11
2026-08,343720.19
2026-08,333641.21
2026-08,265327.7
2026-08,218571.61
2026-08,234802.11
2026-08,1031467.35
2026-08,284638.91
2026-08,303473.2
2026-08,907270.05
2026-08,275125.74
2026-08,222857.66
2026-08,495798.17
2026-08,220506.42
2026-08,237632.27
2026-08,268979.58
2026-08,301295.66
2026-08,222540.96
2026-08,319293.2
2026-08,262472.36
2026-08,287008.64
2026-08,321901.65
2026-08,254902.69
2026-08,276726.47
2026-08,288959.56
2026-08,379226.26
2026-08,297251.75
2026-08,340758.72
2026-08,233965.55
2026-08,228127.69
2026-08,288729.37
2026-08,1006432.47
2026-08,216612.24
2026-08,330205.15
2026-08,227606.26
2026-08,319219.99
2026-08,284298.97
2026-08,236759.38
2026-08,273009.49
2026-08,265460.11
2026-08,228235.84
2026-08,293162.09
2026-08,266359.39
2026-08,272205.96
2026-08,788605.24
2026-08,299225.16
2026-08,303686.04
2026-08,291472.82
2026-08,284177.27
2026-08,336709.11
2026-08,280060.33
2026-08,676192.91
2026-08,287555.75
2026-08,280005.36
2026-08,254042.99
2026-08,257053.83
2026-08,282237.65
2026-08,285565.32
2026-08,327100.4
2026-08,290656.0
2026-08,1027595.35
2026-08,274338.31
2026-08,289719.33
2026-08,330725.24
2026-08,287715.94
2026-08,319293.2
2026-08,275757.13
2026-08,277264.7
2026-08,285342.38
2026-08,351961.53
2026-08,271910.9
2026-08,222230.92
2026-08,316171.83
2026-08,208946.28
2026-08,329888.84
2026-08,251582.85
2026-08,229100.7
2026-08,303544.15
2026-08,341945.06
2026-08,264205.4
2026-08,226589.32
2026-08,287317.43
2026-08,269835.59
2026-08,912296.64
2026-08,276523.34
2026-08,312145.1
2026-08,1969528.38
2026-08,216477.98
2026-08,586006.43
2026-08,235379.96
2026-08,241809.7
2026-08,295240.02
2026-08,1025781.8
2026-08,371369.62
2026-08,253223.56
2026-08,274769.17
2026-08,263844.03
2026-08,287162.08
2026-08,201864.74
2026-08,309596.03
2026-08,304038.13
2026-08,272873.79
2026-08,306128.95
2026-08,241111.06
2026-08,262335.7
2026-08,233792.53
2026-08,278200.2
2026-08,297667.86
2026-08,253203.91
2026-08,224830.89
2026-08,265274.53
2026-08,277363.32
2026-08,234163.3
2026-08,292690.7
2026-08,227464.12
2026-08,204696.51
2026-08,393433.31
2026-08,212818.41
2026-08,282179.59
2026-08,291310.18
2026-08,197699.28
2026-08,269996.83
2026-08,223673.55
2026-08,249816.17
2026-08,241111.06
2026-08,379226.26
2026-08,247901.73
2026-08,264642.96
2026-08,369360.52
2026-08,285461.97
2026-08,222259.03
2026-08,234847.05
2026-08,283660.48
2026-08,285748.93
2026-08,372650.16
2026-08,211228.55
2026-08,242298.46
2026-08,218389.75
2026-08,309393.43
2026-08,198221.08
2026-08,295610.71
2026-08,229821.5
2026-08,230143.08
2026-08,242659.81
2026-08,233095.13
2026-08,226540.26
2026-08,223248.65
2026-08,237697.33
2026-08,316178.58
2026-08,264455.56
2026-08,277460.77
2026-08,973589.05
2026-08,221555.84
2026-08,226649.2
2026-08,332508.09
2026-08,284171.91
2026-08,234251.96
2026-08,224806.86
2026-08,273483.97
2026-08,228411.02
2026-08,231031.04
2026-08,346402.55
2026-08,271138.63
2026-08,284171.91
2026-08,303699.68
2026-08,287896.25
2026-08,270705.42
2026-08,272911.33
2026-08,259222.31
2026-08,255991.25
2026-08,210064.2
2026-08,232503.49
2026-08,242853.23
2026-08,294020.17
2026-08,226423.59
2026-08,207286.4
2026-08,210210.34
2026-08,299861.09
2026-08,217272.81
2026-08,307178.0
2026-08,287633.02
2026-08,276718.89
2026-08,280060.33
2026-08,240131.42
2026-08,298757.46
2026-08,289916.94
2026-08,276886.97
2026-08,341578.54
2026-08,293655.58
2026-08,207999.42
2026-08,211129.41
2026-08,226816.98
2026-08,224607.35
2026-08,276052.28
2026-08,345767.3
2026-08,342604.74
2026-08,264164.68
2026-08,236904.35
2026-08,329674.44
2026-08,253019.0
2026-08,306882.65
2026-08,284335.59
2026-08,987946.49
2026-08,254235.01
2026-08,225498.57
2026-08,264103.35
2026-08,312153.09
2026-08,284650.39
2026-08,299281.19
2026-08,271773.5
2026-08,597019.87
2026-08,215005.96
2026-08,288853.67
2026-08,299353.66
2026-08,360738.92
2026-08,234802.11
2026-08,293385.99
2026-08,279919.52
2026-08,265883.46
2026-08,306169.86
2026-08,348187.84
2026-08,277774.77
2026-08,313790.43
2026-08,241521.11
2026-08,311539.48
2026-08,255907.4
2026-08,347666.92
2026-08,302953.82
2026-08,286315.16
2026-08,225766.87
2026-08,222209.82
2026-08,240351.33
2026-08,271801.35
2026-08,546383.05
2026-08,341578.54
2026-08,297506.54
2026-08,356145.36
2026-08,276718.89
2026-08,265129.88
2026-08,279842.01
2026-08,213603.73
2026-08,321594.23
2026-08,269816.6
2026-08,231607.48
2026-08,258427.6
2026-08,1151373.81
2026-08,297781.37
2026-08,248595.34
2026-08,272808.1
2026-08,228960.44
2026-08,203752.99
2026-08,260156.44
2026-08,294797.19
2026-08,247680.94
2026-08,203746.39
2026-08,280782.68
2026-08,227631.14
2026-08,295214.94
2026-08,296503.65
2026-08,217795.29
2026-08,261149.53
2026-08,288713.25
2026-08,297959.72
2026-08,269793.87
2026-08,239974.43
2026-08,247850.42
2026-08,696595.49
2026-08,301963.14
2026-08,281611.26
2026-08,269996.83
2026-08,317375.21
2026-08,241111.06
2026-08,220442.19
2026-08,244447.35
2026-08,287756.95
2026-08,209126.85
2026-08,260114.94
2026-08,313919.68
2026-08,233965.55
2026-08,248743.24
2026-08,231032.98
2026-08,280205.75
2026-08,297451.31
2026-08,324791.94
2026-08,293648.57
2026-08,278749.56
2026-08,907992.08
2026-08,299644.73
2026-08,230954.43
2026-08,288508.93
2026-08,315681.08
2026-08,288727.25
2026-08,230150.02
2026-08,275743.66
2026-08,215535.49
2026-08,948235.68
2026-08,245629.74
2026-08,298979.61
2026-08,530124.04
2026-08,366287.19
2026-08,319894.15
2026-08,849055.52
2026-08,246680.02
2026-08,264758.05
2026-08,307873.88
2026-08,279622.35
2026-08,211226.36
2026-08,202439.98
2026-08,265192.06
2026-08,303389.28
2026-08,272436.14
2026-08,264749.56
2026-08,273702.55
2026-08,280868.38
2026-08,269793.87
2026-08,335205.84
2026-08,236950.69
2026-08,217301.68
2026-08,225321.71
2026-08,1187998.46
2026-08,266326.44
2026-08,229512.12
2026-08,398153.26
2026-08,256281.82
2026-08,252284.93
2026-08,364336.87
2026-08,271637.26
2026-08,279969.39
2026-08,298038.62
2026-08,208987.61
2026-08,214829.02
2026-08,316470.46
2026-08,209716.49
2026-08,219456.03
2026-08,280528.86
2026-08,293544.25
2026-08,293162.09
2026-08,284664.38
2026-08,210424.74
2026-08,205546.17
2026-08,312918.69
2026-08,272241.63
2026-08,276277.02
2026-08,306820.03
2026-08,197699.28
2026-08,275529.06
2026-08,293279.89
2026-08,409738.9
2026-08,3962505.74
2026-08,305009.2
2026-08,271560.52
2026-08,236197.27
2026-08,222226.99
2026-08,212163.87
2026-08,240292.18
2026-08,246458.17
2026-08,283338.13
2026-08,278596.21
2026-08,287633.02
2026-08,229128.84
2026-08,237532.64
2026-08,236675.68
2026-08,265927.45
2026-08,221680.96
2026-08,205378.36
2026-08,248769.25
2026-08,207987.7
2026-08,887490.43
2026-08,259453.75
2026-08,298496.41
2026-08,229757.28
2026-08,215293.14
2026-08,277199.46
2026-08,321929.26
2026-08,234808.18
2026-08,299303.17
2026-08,269562.01
2026-08,1318138.69
2026-08,212110.02
2026-08,300685.6
2026-08,282900.76
2026-08,221878.38
2026-08,229800.68
2026-08,346400.03
2026-08,292753.62
2026-08,296517.45
2026-08,282159.69
2026-08,331259.04
2026-08,272234.22
2026-08,317560.75
2026-08,259761.11
2026-08,256588.6
2026-08,355197.78
2026-08,368712.04
2026-08,276569.43
2026-08,259840.97
2026-08,221103.52
2026-08,318259.62
2026-08,225535.63
2026-08,217569.15
2026-08,248242.4
2026-08,296712.31
2026-08,284445.87
2026-08,294307.79
2026-08,307150.75
2026-08,297781.07
2026-08,198402.46
2026-08,207575.04
2026-08,228101.7
2026-08,267730.09
2026-08,272873.79
2026-08,331239.59
2026-08,313974.0
2026-08,217070.85
2026-08,209505.9
2026-08,300164.06
2026-08,209416.63
2026-08,223132.35
2026-08,2564326.19
2026-08,234203.62
2026-08,324778.49
2026-08,278487.07
2026-08,359301.17
2026-08,263233.76
2026-08,385796.31
2026-08,267423.02
2026-08,290656.0
2026-08,232346.79
2026-08,289868.95
2026-08,307807.88
2026-08,243920.57
2026-08,271614.85
2026-08,314491.98
2026-08,219532.99
2026-08,267852.32
2026-08,252309.99
2026-08,304038.13
2026-08,278722.15
2026-08,227136.63
2026-08,306605.21
2026-08,214587.37
2026-08,290716.62
2026-08,313846.06
2026-08,293655.58
2026-08,230345.37
2026-08,315411.59
2026-08,304129.06
2026-08,272904.35
2026-08,281367.88
2026-08,294530.41
2026-08,293749.19
2026-08,327945.87
2026-08,275850.2
2026-08,365516.3
2026-08,296775.38
2026-08,358746.11
2026-08,242687.85
2026-08,258744.73
2026-08,275727.74
2026-08,222936.08
2026-08,270370.74
2026-08,240464.85
2026-08,260606.88
2026-08,303052.0
2026-08,265737.45
2026-08,620414.46
2026-08,288987.21
2026-08,222604.34
2026-08,291656.13
2026-08,225993.41
2026-08,300685.6
2026-08,332476.72
2026-08,208275.53
2026-08,255927.6
2026-08,196485.34
2026-08,270737.26
2026-08,290205.91
2026-08,257438.81
2026-08,284013.74
2026-08,218413.99
2026-08,226728.52
2026-08,286426.64
2026-08,407099.78
2026-08,292613.8
2026-08,259170.5
2026-08,264259.75
2026-08,272705.44
2026-08,310239.9
2026-08,255104.47
2026-08,308427.2
2026-08,1318354.74
2026-08,295413.65
2026-08,195515.63
2026-08,243554.68
2026-08,341740.88
2026-08,226589.32
2026-08,277293.93
2026-08,278137.34
2026-08,314171.86
2026-08,279816.97
2026-08,332338.85
2026-08,338119.63
2026-08,214034.48
2026-08,223248.65
2026-08,221974.97
2026-08,278299.69
2026-08,226436.76
2026-08,211373.39
2026-08,267649.84
2026-08,286148.06
2026-08,274304.79
2026-08,275026.14
2026-08,304105.63
2026-08,335837.91
2026-08,252921.91
2026-08,271801.35
2026-08,296509.04
2026-08,317202.94
2026-08,301374.27
2026-08,290981.78
2026-08,501774.02
2026-08,283242.33
2026-08,214322.41
2026-09,321727.11
2026-09,266747.06
2026-09,232701.07
2026-09,302725.25
2026-09,280072.47
2026-09,297428.49
2026-09,369951.41
2026-09,252322.82
2026-09,274282.65
2026-09,223547.13
2026-09,197416.15
2026-09,312189.56
2026-09,228329.37
2026-09,280811.04
2026-09,250007.64
2026-09,289003.8
2026-09,225108.67
2026-09,327444.39
2026-09,302121.34
2026-09,216097.57
2026-09,858878.3
2026-09,869371.64
2026-09,953734.06
2026-09,1361120.15
2026-09,406018.61
2026-09,279549.17
2026-09,235144.69
2026-09,288376.57
2026-09,262459.33
2026-09,1488523.75
2026-09,807161.81
2026-09,257231.39
2026-09,206145.13
2026-09,287810.27
2026-09,256358.24
2026-09,194397.3
2026-09,220553.95
2026-09,280981.52
2026-09,285766.02
2026-09,242962.28
2026-09,242684.5
2026-09,1430673.53
2026-09,280965.95
2026-09,290315.31
2026-09,259079.43
2026-09,265694.07
2026-09,305491.07
2026-09,268793.78
2026-09,280852.52
2026-09,220075.7
2026-09,254343.4
2026-09,1536604.94
2026-09,948546.18
2026-09,288051.17
2026-09,267795.44
2026-09,286775.58
2026-09,262429.73
2026-09,231876.19
2026-09,280836.57
2026-09,236974.51
2026-09,287200.79
2026-09,210276.0
2026-09,299547.55
2026-09,207253.87
2026-09,308052.9
2026-09,231485.85
2026-09,244826.36
2026-09,253956.21
2026-09,227543.44
2026-09,266105.82
2026-09,252887.27
2026-09,286373.45
2026-09,266368.21
2026-09,944389.68
2026-09,271223.25
2026-09,264447.45
2026-09,225970.51
2026-09,275949.92
2026-09,220781.55
2026-09,218078.01
2026-09,720470.39
2026-09,264773.29
2026-09,568556.82
2026-09,288060.57
2026-09,259521.33
2026-09,276928.61
2026-09,300237.41
2026-09,205850.78
2026-09,250953.9
2026-09,240075.95
2026-09,229042.29
2026-09,323478.31
2026-09,300867.27
2026-09,227305.95
2026-09,262053.23
2026-09,282407.27
2026-09,226801.72
2026-09,215042.19
2026-09,300975.57
2026-09,222009.8
2026-09,282634.28
2026-09,205901.06
2026-09,296387.01
2026-09,1376959.06
2026-09,318932.0
2026-09,227322.23
2026-09,311879.49
2026-09,288708.14
2026-09,233328.87
2026-09,295831.69
2026-09,303409.81
2026-09,567523.99
2026-09,277676.76
2026-09,286464.28
2026-09,222893.3
2026-09,251543.42
2026-09,221031.12
2026-09,1391905.63
2026-09,222729.71
2026-09,221635.1
2026-09,213004.03
2026-09,280156.82
2026-09,267819.31
2026-09,211788.61
2026-09,297309.33
2026-09,315504.26
2026-09,220508.63
2026-09,329958.05
2026-09,341873.32
2026-09,266349.47
2026-09,203651.77
2026-09,233236.97
2026-09,212486.76
2026-09,711750.23
2026-09,277064.35
2026-09,224540.63
2026-09,300272.91
2026-09,307487.31
2026-09,266374.3
2026-09,216929.79
2026-09,272249.93
2026-09,303888.98
2026-09,226002.13
2026-09,1030588.45
2026-09,505363.7
2026-09,228637.27
2026-09,211346.64
2026-09,344441.48
2026-09,319304.65
2026-09,309412.92
2026-09,250007.64
2026-09,242497.13
2026-09,314579.98
2026-09,301199.23
2026-09,196846.29
2026-09,301164.51
2026-09,434839.63
2026-09,314979.44
2026-09,244825.53
2026-09,251912.68
2026-09,263098.54
2026-09,369551.62
2026-09,230917.02
2026-09,270185.25
2026-09,206655.6
2026-09,223494.15
2026-09,1447382.99
2026-09,305166.59
2026-09,261630.88
2026-09,283530.5
2026-09,620772.67
2026-09,226252.35
2026-09,241991.02
2026-09,252887.27
2026-09,296725.0
2026-09,218722.02
2026-09,266664.03
2026-09,287067.03
2026-09,262125.73
2026-09,278742.24
2026-09,278166.16
2026-09,300535.8
2026-09,227408.88
2026-09,274348.93
2026-09,242956.84
2026-09,210098.11
2026-09,219504.49
2026-09,275242.79
2026-09,226710.32
2026-09,262278.45
2026-09,260661.76
2026-09,317646.63
2026-09,389555.41
2026-09,259851.2
2026-09,223275.36
2026-09,274989.05
2026-09,230026.98
2026-09,225819.2
2026-09,236614.01
2026-09,267327.77
2026-09,288376.57
2026-09,231720.19
2026-09,303511.32
2026-09,212438.48
2026-09,270896.13
2026-09,217539.81
2026-09,204565.64
2026-09,292505.45
2026-09,302396.66
2026-09,284312.01
2026-09,466717.27
2026-09,323657.77
2026-09,213793.3
2026-09,289395.87
2026-09,293057.32
2026-09,314519.23
2026-09,203551.49
2026-09,272251.19
2026-09,224901.11
2026-09,260661.76
2026-09,264091.01
2026-09,211529.65
2026-09,329501.07
2026-09,278960.97
2026-09,268495.52
2026-09,244777.53
2026-09,291244.55
2026-09,281392.33
2026-09,253261.25
2026-09,241149.35
2026-09,334904.02
2026-09,265219.63
2026-09,607839.78
2026-09,243495.29
2026-09,603037.7
2026-09,203623.5
2026-09,275166.54
2026-09,1372802.26
2026-09,228151.5
2026-09,291417.17
2026-09,338253.53
2026-09,328501.1
2026-09,290509.83
2026-09,245652.31
2026-09,271248.33
2026-09,282158.21
2026-09,241113.64
2026-09,356831.46
2026-09,203313.02
2026-09,334771.88
2026-09,243064.81
2026-09,269783.2
2026-09,195139.56
2026-09,199955.47
2026-09,251813.53
2026-09,290118.67
2026-09,299243.8
2026-09,247771.9
2026-09,1074820.82
2026-09,611294.3
2026-09,218936.83
2026-09,334755.7
2026-09,611109.62
2026-09,1591388.63
2026-09,230552.11
2026-09,257054.89
2026-09,256915.44
2026-09,257392.2
2026-09,345789.5
2026-09,304458.07
2026-09,242956.84
2026-09,326841.71
2026-09,231876.19
2026-09,215123.83
2026-09,297176.56
2026-09,298951.31
2026-09,292423.61
2026-09,286493.27
2026-09,245837.25
2026-09,1109822.29
2026-09,330617.9
2026-09,278399.25
2026-09,219431.33
2026-09,289898.14
2026-09,260481.43
2026-09,280528.12
2026-09,262463.27
2026-09,765427.91
2026-09,315627.07
2026-09,213141.17
2026-09,283825.19
2026-09,270722.16
2026-09,258373.1
2026-09,998175.79
2026-09,290628.6
2026-09,292434.9
2026-09,209038.14
2026-09,262906.27
2026-09,222072.25
2026-09,281143.72
2026-09,299715.22
2026-09,371354.61
2026-09,223279.89
2026-09,230026.98
2026-09,270896.13
2026-09,275264.41
2026-09,751133.24
2026-09,272682.03
2026-09,276359.16
2026-09,217166.85
2026-09,266870.5
2026-09,372089.4
2026-09,305716.77
2026-09,273501.36
2026-09,275138.7
2026-09,289909.01
2026-09,259640.69
2026-09,281914.86
2026-09,293824.98
2026-09,242825.63
2026-09,270827.85
2026-09,509313.12
2026-09,721210.83
2026-09,396293.34
2026-09,226302.05
2026-09,217683.28
2026-09,222541.1
2026-09,252519.66
2026-09,260481.43
2026-09,217166.85
2026-09,281250.19
2026-09,199459.47
2026-09,215987.08
2026-09,707468.85
2026-09,315541.94
2026-09,254202.02
2026-09,320403.41
2026-09,271710.15
2026-09,286675.44
2026-09,580462.86
2026-09,238965.85
2026-09,307247.74
2026-09,299465.37
2026-09,298576.54
2026-09,245094.65
2026-09,410586.43
2026-09,298499.21
2026-09,226302.05
2026-09,235144.69
2026-09,200322.88
2026-09,216687.72
2026-09,248067.35
2026-09,305050.14
2026-09,214243.89
2026-09,220508.63
2026-09,303360.08
2026-09,269295.23
2026-09,238046.41
2026-09,274529.72
2026-09,263253.13
2026-09,221421.13
2026-09,228714.9
2026-09,277003.92
2026-09,282307.34
2026-09,1234905.96
2026-09,224326.15
2026-09,223298.02
2026-09,274066.28
2026-09,274405.46
2026-09,300237.41
2026-09,220372.17
2026-09,343088.47
2026-09,354622.68
2026-09,315241.21
2026-09,268382.78
2026-09,224805.3
2026-09,378526.49
2026-09,291694.72
2026-09,288685.23
2026-09,311862.23
2026-09,228749.36
2026-09,252056.8
2026-09,280531.07
2026-09,200063.0
2026-09,286547.94
2026-09,300200.35
2026-09,275945.1
2026-09,345771.13
2026-09,208298.0
2026-09,265643.1
2026-09,235242.77
2026-09,307635.57
2026-09,370953.7
2026-09,270164.11
2026-09,239294.54
2026-09,219543.74
2026-09,223536.64
2026-09,261901.01
2026-09,270969.36
2026-09,303511.32
2026-09,217809.78
2026-09,220814.01
2026-09,297484.47
2026-09,248932.19
2026-09,279801.21
2026-09,274040.62
2026-09,317600.0
2026-09,259700.71
2026-09,270659.17
2026-09,284370.64
2026-09,243246.98
2026-09,290121.46
2026-09,301573.11
2026-09,416034.37
2026-09,232533.95
2026-09,225380.76
2026-09,317877.7
2026-09,265310.89
2026-09,312603.86
2026-09,291694.3
2026-09,232701.07
2026-09,267528.81
2026-09,295619.05
2026-09,287803.79
2026-09,243495.29
2026-09,286469.3
2026-09,303511.32
2026-09,381839.12
2026-09,302713.35
2026-09,289716.57
2026-09,230505.41
2026-09,1511173.46
2026-09,278158.95
2026-09,225970.51
2026-09,290262.2
2026-09,297770.88
2026-09,205493.9
2026-09,233585.22
2026-09,297176.56
2026-09,224539.04
2026-09,285763.79
2026-09,229042.29
2026-09,293544.16
2026-09,351414.65
2026-09,271937.53
2026-09,292191.53
2026-09,296030.26
2026-09,389920.31
2026-09,270508.87
2026-09,229901.34
2026-09,772754.38
2026-09,305156.69
2026-09,222739.36
2026-09,241600.17
2026-09,318446.63
2026-09,216350.52
2026-09,272747.49
2026-09,265501.27
2026-09,222009.8
2026-09,262421.4
2026-09,371921.08
2026-09,254343.4
2026-09,279613.58
2026-09,231516.34
2026-09,226801.72
2026-09,280280.61
2026-09,210914.88
2026-09,197596.06
2026-09,214606.77
2026-09,210669.42
2026-09,225500.79
2026-09,250814.49
2026-09,281373.46
2026-09,241738.92
2026-09,228707.51
2026-09,255495.15
2026-09,363801.25
2026-09,305417.99
2026-09,205173.35
2026-09,213395.37
2026-09,232528.55
2026-09,215837.96
2026-09,348033.05
2026-09,300535.8
2026-09,264285.92
2026-09,228011.46
2026-09,271201.14
2026-09,198985.99
2026-09,215797.49
2026-09,293057.32
2026-09,218167.8
2026-09,297192.15
2026-09,226249.95
2026-09,627311.46
2026-09,268967.04
2026-09,285068.93
2026-09,280244.28
2026-09,232271.86
2026-09,264804.85
2026-09,206102.03
2026-09,384998.88
2026-09,289483.76
2026-09,265246.83
2026-09,263066.96
2026-09,269631.47
2026-09,238684.46
2026-09,266708.38
2026-09,282915.81
2026-09,305473.03
2026-09,317430.32
2026-09,291806.74
2026-09,262432.51
2026-09,315541.94
2026-09,363545.96
2026-09,298206.06
2026-09,217801.25
2026-09,620772.67
2026-09,228151.5
2026-09,288183.93
2026-09,272509.59
2026-09,476011.04
2026-09,302432.04
2026-09,265694.07
2026-09,309173.79
2026-09,293051.3
2026-09,299465.37
2026-09,291493.53
2026-09,209736.32
2026-09,264665.18
2026-09,223279.89
2026-09,227179.7
2026-09,442545.49
2026-09,317877.7
2026-09,298737.09
2026-09,1272344.73
2026-09,275153.87
2026-09,230868.79
2026-09,218722.02
2026-09,281566.09
2026-09,238146.26
2026-09,266251.59
2026-09,224805.3
2026-09,333384.21
2026-09,279549.17
2026-09,259862.86
2026-09,378526.49
2026-09,299043.74
2026-09,243494.56
2026-09,330777.75
2026-09,295619.05
2026-09,215123.83
2026-09,607822.08
2026-09,216039.79
2026-09,270659.17
2026-09,225206.49
2026-09,275765.46
2026-09,229590.8
2026-09,285635.46
2026-09,286596.23
2026-09,223876.35
2026-09,424805.82
2026-09,264665.18
2026-09,296502.89
2026-09,414541.13
2026-09,290539.74
2026-09,264942.99
2026-09,262727.82
2026-09,213201.05
2026-09,299510.17
2026-09,297280.07
2026-09,203513.08
2026-09,243098.7
2026-09,267281.06
2026-09,298093.99
2026-09,229556.65
2026-09,1447382.99
2026-09,309737.61
2026-09,304818.61
2026-09,278836.48
2026-09,521220.27
2026-09,207939.44
2026-09,323504.34
2026-09,228691.51
2026-09,275138.7
2026-09,289537.35
2026-09,331008.13
2026-09,833541.39
2026-09,233595.43
2026-09,206767.66
2026-09,344443.05
2026-09,397927.82
2026-09,268070.17
2026-09,249480.94
2026-09,249768.58
2026-09,286493.27
2026-09,284158.74
2026-09,265038.07
2026-09,205093.05
2026-09,273276.85
2026-09,279648.58
2026-09,275955.37
2026-09,212430.64
2026-09,312202.05
2026-09,444996.74
2026-09,232916.65
2026-09,287715.88
2026-09,720470.39
2026-09,212722.76
2026-09,209380.29
2026-09,260133.19
2026-09,256494.88
2026-09,266393.22
2026-09,215115.37
2026-09,299334.48
2026-09,312839.32
2026-09,320238.25
2026-09,258813.05
2026-09,269946.53
2026-09,277768.89
2026-09,210204.88
2026-09,226244.83
2026-09,285080.82
2026-09,354251.72
2026-09,246464.88
2026-09,281141.0
2026-09,314619.99
2026-09,275806.23
2026-09,286140.86
2026-09,283661.24
2026-09,281143.72
2026-09,267637.72
2026-09,275255.16
2026-09,280759.45
2026-09,414451.11
2026-09,381236.09
2026-09,955331.07
2026-09,199986.16
2026-09,245320.18
2026-09,296072.47
2026-09,276145.87
2026-09,295895.27
2026-09,212430.64
2026-09,263916.06
2026-09,205433.79
2026-09,237730.48
2026-09,227858.93
2026-09,376367.81
2026-09,287679.77
2026-09,209875.05
2026-09,279639.49
2026-09,294665.21
2026-09,238162.85
2026-09,284554.43
2026-09,276494.81
2026-09,218546.89
2026-09,202216.58
2026-09,267967.84
2026-09,391457.06
2026-09,202077.77
2026-09,230471.32
2026-09,948546.18
2026-09,272033.63
2026-09,219945.18
2026-09,273747.12
2026-09,229823.79
2026-09,224506.3
2026-09,461297.94
2026-09,273276.85
2026-09,344290.12
2026-09,283866.38
2026-09,275336.67
2026-09,234140.1
2026-09,280031.18
2026-09,298095.42
2026-09,285635.46
2026-09,268805.19
2026-09,327598.69
2026-09,310274.07
2026-09,656612.55
2026-09,304260.52
2026-09,270003.24
2026-09,262906.27
2026-09,225104.29
2026-09,304959.14
2026-09,402631.74
2026-09,274529.72
2026-09,1131514.69
2026-09,277830.67
2026-09,274731.88
2026-09,1472356.95
2026-09,280821.24
2026-09,277566.71
2026-09,292041.26
2026-09,285644.74
2026-09,1029160.83
2026-09,269707.2
2026-09,225576.16
2026-09,276197.93
2026-09,283760.86
2026-09,397927.82
2026-09,262429.73
2026-09,307975.39
2026-09,280072.47
2026-09,259969.85
2026-09,287533.21
2026-09,312839.32
2026-09,213502.64
2026-09,206788.6
2026-09,250944.7
2026-09,226697.85
2026-09,308501.76
2026-09,221031.12
2026-09,376046.86
2026-09,297688.11
2026-09,299545.44
2026-09,250172.28
2026-09,296954.84
2026-09,229514.55
2026-09,274144.11
2026-09,257445.53
2026-09,244596.41
2026-09,233739.27
2026-09,344440.93
2026-09,226132.45
2026-09,309173.79
2026-09,787954.39
2026-09,363530.26
2026-09,327928.27
2026-09,225371.88
2026-09,228313.61
2026-09,226440.42
2026-09,229763.21
2026-09,287803.79
2026-09,204517.04
2026-09,335433.71
2026-09,238054.26
2026-09,287638.56
2026-09,240037.77
2026-09,464543.11
2026-09,227543.44
2026-09,220075.7
2026-09,691492.29
2026-09,204161.82
2026-09,222353.32
2026-09,368830.6
2026-09,208877.36
2026-09,864374.31
2026-09,250953.9
2026-09,289003.8
2026-09,281392.33
2026-09,301573.11
2026-09,240466.99
2026-09,1023720.32
2026-09,1195621.12
2026-09,235736.35
2026-09,203062.87
2026-09,607822.08
2026-09,312510.74
2026-09,270941.16
2026-09,781028.66
2026-09,219903.73
2026-09,1488523.75
2026-09,805456.36
2026-09,270802.43
2026-09,256076.57
2026-09,214088.86
2026-09,228749.36
2026-09,232487.66
2026-09,242007.6
2026-09,247482.74
2026-09,293824.98
2026-09,210972.49
2026-09,271248.33
2026-09,286596.23
2026-09,268382.4
2026-09,280349.33
2026-09,289284.66
2026-09,229095.28
2026-09,253838.69
2026-09,297964.37
2026-09,242555.78
2026-09,295619.05
2026-09,222541.1
2026-09,236621.71
2026-09,216097.57
2026-09,415815.15
2026-09,279598.81
2026-09,218872.56
2026-09,285766.02
2026-09,500545.76
2026-09,254103.28
2026-09,202894.14
2026-09,280280.61
2026-09,255935.64
2026-09,263644.04
2026-09,217779.24
2026-09,267188.58
2026-09,238641.44
2026-09,229124.93
2026-09,264564.95
2026-09,1390076.15
2026-09,218299.78
2026-09,984754.88
2026-09,307749.18
2026-09,1554963.48
2026-09,479853.38
2026-09,451543.54
2026-09,288136.44
2026-09,283760.86
2026-09,285382.02
2026-09,1140140.31
2026-09,339705.54
2026-09,274547.86
2026-09,299722.66
2026-09,242148.72
2026-09,202894.14
2026-09,270974.24
2026-09,267269.25
2026-09,237008.55
2026-09,354185.11
2026-09,231235.53
2026-09,301801.29
2026-09,306985.03
2026-09,202565.03
2026-09,287652.01
2026-09,294720.31
2026-09,284888.72
2026-09,248932.19
2026-09,250944.7
2026-09,300122.77
2026-09,286252.89
2026-09,282403.07
2026-09,255868.13
2026-09,298091.66
2026-09,234307.89
2026-09,272976.8
2026-09,219068.17
2026-09,266099.29
2026-09,322909.0
2026-09,692143.92
2026-09,285974.84
2026-09,301649.78
2026-09,235824.33
2026-09,216632.74
2026-09,242007.6
2026-09,221507.4
2026-09,271121.57
2026-09,223230.25
2026-09,250304.11
2026-09,310784.92
2026-09,254255.49
2026-09,326535.41
2026-09,261472.95
2026-09,286775.58
2026-09,241364.77
2026-09,284512.96
2026-09,293325.96
2026-09,238054.26
2026-09,956139.0
2026-09,1541693.35
2026-09,213441.92
2026-09,288687.32
2026-09,1541693.35
2026-09,222407.94
2026-09,275485.97
2026-09,200782.76
2026-09,734236.87
2026-09,273105.23
2026-09,279970.35
2026-09,208298.0
2026-09,285883.65
2026-09,209037.39
2026-09,611294.3
2026-09,279213.17
2026-09,337048.1
2026-09,365987.99
2026-09,282618.81
2026-09,260686.0
2026-09,200139.75
2026-09,1300893.22
2026-09,236505.14
2026-09,314987.62
2026-09,233739.27
2026-09,251524.18
2026-09,217468.3
2026-09,278303.33
2026-09,320238.25
2026-09,211529.65
2026-09,233332.82
2026-09,224727.24
2026-09,274040.62
2026-09,298938.38
2026-09,281718.48
2026-09,355614.02
2026-09,319241.99
2026-09,287521.68
2026-09,211914.27
2026-09,293669.56
2026-09,308593.16
2026-09,276930.07
2026-09,195585.6
2026-09,306264.88
2026-09,293404.06
2026-09,360461.38
2026-09,283760.86
2026-09,220607.43
2026-09,274084.24
2026-09,225103.75
2026-09,1405232.6
2026-09,287060.8
2026-09,288749.8
2026-09,222434.69
2026-09,297484.47
2026-09,220392.36
2026-09,241364.77
2026-09,266054.88
2026-09,282111.37
2026-09,266268.07
2026-09,283970.17
2026-09,293733.8
2026-09,233800.8
2026-09,215980.23
2026-09,2321265.0
2026-09,304968.56
2026-09,489414.25
2026-09,291683.81
2026-09,308162.36
2026-09,998175.79
2026-09,276733.35
2026-09,251454.31
2026-09,278448.23
2026-09,953299.13
2026-09,429552.17
2026-09,335766.43
2026-09,281143.72
2026-09,308025.92
2026-09,281108.23
2026-09,286377.06
2026-09,269479.8
2026-09,321391.93
2026-09,264604.43
2026-09,314970.85
2026-09,297399.27
2026-09,221201.91
2026-09,296323.7
2026-09,502958.3
2026-09,221959.77
2026-09,272370.9
2026-09,311965.74
2026-09,198462.9
2026-09,213054.89
2026-09,211364.12
2026-09,285661.41
2026-09,285988.99
2026-09,503069.73
2026-09,273415.95
2026-09,207511.54
2026-09,296472.61
2026-09,203651.77
2026-09,368830.6
2026-09,302209.93
2026-09,234892.96
2026-09,368974.47
2026-09,262264.29
2026-09,268149.73
2026-09,242273.57
2026-09,272304.9
2026-09,1765748.14
2026-09,259819.55
2026-09,223251.22
2026-09,222503.13
2026-09,285974.84
2026-09,237709.08
2026-09,272688.47
2026-09,205894.85
2026-09,281446.39
2026-09,252323.87
2026-09,236153.27
2026-09,300535.8
2026-09,251101.65
2026-09,288062.27
2026-09,286707.59
2026-09,220503.19
2026-09,571127.11
2026-09,727461.17
2026-09,779828.66
2026-09,212025.43
2026-09,231487.86
2026-09,291602.83
2026-09,294146.82
2026-09,269187.84
2026-09,215745.53
2026-09,220400.76
2026-09,329278.17
2026-09,1668913.43
2026-09,252323.87
2026-09,364076.53
2026-09,1012851.92
2026-09,227618.89
2026-09,281566.09
2026-10,335134.66
2026-10,235428.77
2026-10,269437.15
2026-10,292848.81
2026-10,357064.24
2026-10,222856.87
2026-10,344508.8
2026-10,276085.28
2026-10,347558.81
2026-10,261241.64
2026-10,322360.37
2026-10,299337.3
2026-10,257357.59
2026-10,1015321.59
2026-10,294948.98
2026-10,239945.09
2026-10,363630.54
2026-10,266775.68
2026-10,1196425.16
2026-10,213194.95
2026-10,275006.59
2026-10,270568.5
2026-10,249571.38
2026-10,233207.76
2026-10,291642.2
2026-10,296828.57
2026-10,225838.14
2026-10,279328.79
2026-10,368876.22
2026-10,274466.51
2026-10,261179.5
2026-10,198960.65
2026-10,247655.61
2026-10,232885.2
2026-10,208667.43
2026-10,302081.26
2026-10,241240.1
2026-10,218939.46
2026-10,232963.92
2026-10,286746.59
2026-10,214747.32
2026-10,225413.57
2026-10,641943.64
2026-10,230029.78
2026-10,468494.46
2026-10,215380.75
2026-10,274551.03
2026-10,2096205.07
2026-10,296876.09
2026-10,212889.26
2026-10,266143.09
2026-10,306445.95
2026-10,303733.76
2026-10,210579.12
2026-10,303879.28
2026-10,216824.93
2026-10,210579.12
2026-10,214937.36
2026-10,224420.33
2026-10,1714802.95
2026-10,224273.36
2026-10,280559.74
2026-10,249103.22
2026-10,401552.35
2026-10,219234.27
2026-10,226725.79
2026-10,234904.01
2026-10,269123.26
2026-10,228034.89
2026-10,282889.37
2026-10,253532.89
2026-10,299993.19
2026-10,328590.11
2026-10,320418.45
2026-10,262903.11
2026-10,253451.09
2026-10,300720.85
2026-10,232211.81
2026-10,668566.3
2026-10,284473.21
2026-10,328682.57
2026-10,349763.9
2026-10,228639.42
2026-10,284725.72
2026-10,289335.48
2026-10,269057.99
2026-10,324950.22
2026-10,245924.79
2026-10,293505.15
2026-10,305629.19
2026-10,213314.97
2026-10,1206719.18
2026-10,283071.09
2026-10,297121.86
2026-10,210156.93
2026-10,462262.15
2026-10,220413.0
2026-10,213422.96
2026-10,352003.65
2026-10,283104.98
2026-10,508738.58
2026-10,265255.9
2026-10,227813.1
2026-10,297352.33
2026-10,302457.77
2026-10,350573.92
2026-10,204616.02
2026-10,279159.58
2026-10,251301.71
2026-10,263219.14
2026-10,204818.51
2026-10,325753.48
2026-10,259211.73
2026-10,289629.12
2026-10,270966.77
2026-10,269731.05
2026-10,284681.95
2026-10,270279.32
2026-10,276488.99
2026-10,238503.49
2026-10,256885.38
2026-10,209465.73
2026-10,274645.69
2026-10,404431.21
2026-10,353584.14
2026-10,210107.15
2026-10,266542.7
2026-10,255160.78
2026-10,249257.94
2026-10,224568.65
2026-10,279978.87
2026-10,281718.4
2026-10,221871.13
2026-10,231449.56
2026-10,218803.04
2026-10,203887.12
2026-10,368239.68
2026-10,314749.29
2026-10,271706.62
2026-10,658296.77
2026-10,232946.09
2026-10,221099.86
2026-10,255740.64
2026-10,283174.67
2026-10,300434.85
2026-10,252067.63
2026-10,284033.01
2026-10,309757.85
2026-10,205593.82
2026-10,292940.28
2026-10,714265.72
2026-10,252229.94
2026-10,218984.57
2026-10,276377.93
2026-10,271794.37
2026-10,238208.77
2026-10,282934.57
2026-10,627049.81
2026-10,289124.8
2026-10,287466.35
2026-10,281928.44
2026-10,287155.24
2026-10,211466.17
2026-10,263924.76
2026-10,223000.06
2026-10,295753.58
2026-10,224276.22
2026-10,254254.09
2026-10,256393.45
2026-10,226507.73
2026-10,299192.61
2026-10,239014.2
2026-10,1116963.09
2026-10,344366.86
2026-10,295311.27
2026-10,283623.04
2026-10,254863.57
2026-10,318489.51
2026-10,1643013.62
2026-10,345778.34
2026-10,285068.63
2026-10,218412.23
2026-10,297730.93
2026-10,265285.38
2026-10,253238.07
2026-10,207598.41
2026-10,211852.56
2026-10,289837.7
2026-10,1151276.82
2026-10,229055.55
2026-10,239433.38
2026-10,213243.69
2026-10,228950.15
2026-10,280458.86
2026-10,222093.52
2026-10,265722.68
2026-10,361954.48
2026-10,271554.15
2026-10,236540.88
2026-10,283175.91
2026-10,236265.45
2026-10,267132.03
2026-10,237061.98
2026-10,216621.23
2026-10,229210.44
2026-10,231515.19
2026-10,309400.15
2026-10,212992.37
2026-10,263183.1
2026-10,241477.5
2026-10,234904.01
2026-10,211020.15
2026-10,598515.41
2026-10,272651.46
2026-10,225448.82
2026-10,238134.36
2026-10,275014.02
2026-10,325193.14
2026-10,256832.21
2026-10,250459.85
2026-10,276202.34
2026-10,263334.31
2026-10,219917.68
2026-10,251346.63
2026-10,213699.4
2026-10,256267.79
2026-10,271488.08
2026-10,621166.38
2026-10,349292.1
2026-10,279606.25
2026-10,296755.12
2026-10,309264.13
2026-10,767039.63
2026-10,264507.82
2026-10,244808.41
2026-10,1340135.34
2026-10,268999.41
2026-10,217889.79
2026-10,306364.04
2026-10,269770.84
2026-10,284901.81
2026-10,285149.15
2026-10,243084.18
2026-10,330822.5
2026-10,239085.93
2026-10,217185.84
2026-10,242827.69
2026-10,263741.16
2026-10,276715.89
2026-10,239996.07
2026-10,338875.27
2026-10,254151.2
2026-10,232020.37
2026-10,434437.27
2026-10,277694.96
2026-10,205736.06
2026-10,206062.43
2026-10,246968.11
2026-10,294377.88
2026-10,295616.35
2026-10,240026.1
2026-10,213937.27
2026-10,308641.61
2026-10,278188.87
2026-10,267939.45
2026-10,319551.68
2026-10,226811.58
2026-10,225805.49
2026-10,294875.96
2026-10,266663.5
2026-10,212889.26
2026-10,206762.88
2026-10,218977.0
2026-10,3372916.66
2026-10,301096.09
2026-10,286936.08
2026-10,275653.57
2026-10,242995.2
2026-10,231242.73
2026-10,266663.5
2026-10,262433.91
2026-10,208016.69
2026-10,274860.19
2026-10,194765.85
2026-10,578968.17
2026-10,861702.12
2026-10,256389.36
2026-10,328262.55
2026-10,299050.4
2026-10,293693.89
2026-10,265827.9
2026-10,1142013.91
2026-10,193516.89
2026-10,263338.32
2026-10,221767.43
2026-10,310489.65
2026-10,269477.55
2026-10,236811.57
2026-10,198633.54
2026-10,227977.43
2026-10,347932.47
2026-10,269947.03
2026-10,240788.75
2026-10,211507.68
2026-10,223943.29
2026-10,256267.79
2026-10,260699.92
2026-10,296876.09
2026-10,255637.42
2026-10,272033.16
2026-10,212016.89
2026-10,358785.04
2026-10,358597.86
2026-10,211701.14
2026-10,325625.3
2026-10,284784.09
2026-10,290573.62
2026-10,287185.91
2026-10,1243216.43
2026-10,258004.83
2026-10,251978.14
2026-10,293505.15
2026-10,211701.14
2026-10,224076.36
2026-10,232211.81
2026-10,282012.44
2026-10,277505.53
2026-10,289260.66
2026-10,316086.71
2026-10,258322.6
2026-10,324922.19
2026-10,330209.41
2026-10,305293.07
2026-10,272475.07
2026-10,299918.31
2026-10,278222.35
2026-10,264474.97
2026-10,286155.15
2026-10,266691.7
2026-10,301645.21
2026-10,409033.87
2026-10,292038.67
2026-10,1151276.82
2026-10,257448.45
2026-10,330803.12
2026-10,306420.56
2026-10,252251.05
2026-10,283532.7
2026-10,283053.61
2026-10,260266.45
2026-10,299536.08
2026-10,343577.45
2026-10,343468.18
2026-10,234574.82
2026-10,1732233.35
2026-10,225000.47
2026-10,231150.49
2026-10,273570.43
2026-10,292791.99
2026-10,229049.69
2026-10,259297.94
2026-10,225148.62
2026-10,273027.94
2026-10,934250.07
2026-10,282065.37
2026-10,291760.41
2026-10,288628.01
2026-10,777091.96
2026-10,362511.06
2026-10,341748.95
2026-10,305963.47
2026-10,487145.07
2026-10,263114.26
2026-10,593815.72
2026-10,211431.33
2026-10,210748.03
2026-10,317827.15
2026-10,277032.19
2026-10,224469.41
2026-10,284743.73
2026-10,273093.2
2026-10,289685.78
2026-10,208275.8
2026-10,282065.37
2026-10,220775.27
2026-10,867280.39
2026-10,226121.79
2026-10,226507.73
2026-10,279852.14
2026-10,468494.46
2026-10,289335.48
2026-10,219565.9
2026-10,237240.73
2026-10,236594.16
2026-10,214524.68
2026-10,292358.74
2026-10,219229.28
2026-10,262113.02
2026-10,307790.67
2026-10,209821.37
2026-10,268243.97
2026-10,355317.57
2026-10,296561.82
2026-10,273578.2
2026-10,229781.19
2026-10,422260.76
2026-10,284784.09
2026-10,258208.69
2026-10,366678.22
2026-10,198648.92
2026-10,324461.3
2026-10,312271.21
2026-10,264118.64
2026-10,549486.56
2026-10,261179.5
2026-10,326966.82
2026-10,1591779.45
2026-10,248922.52
2026-10,214078.98
2026-10,258715.76
2026-10,276595.42
2026-10,218939.46
2026-10,214239.31
2026-10,313986.1
2026-10,693076.18
2026-10,261295.2
2026-10,265983.25
2026-10,198611.38
2026-10,1015973.92
2026-10,334351.17
2026-10,214747.32
2026-10,275876.02
2026-10,312037.17
2026-10,1573102.26
2026-10,266511.7
2026-10,287622.06
2026-10,253386.09
2026-10,270266.54
2026-10,217859.06
2026-10,220364.15
2026-10,223358.97
2026-10,299434.5
2026-10,234009.33
2026-10,369123.1
2026-10,355211.43
2026-10,277634.03
2026-10,284981.67
2026-10,284483.97
2026-10,310036.86
2026-10,248101.6
2026-10,265785.48
2026-10,280796.38
2026-10,251891.13
2026-10,235805.43
2026-10,225163.54
2026-10,267216.29
2026-10,274148.56
2026-10,195138.15
2026-10,260607.91
2026-10,309886.99
2026-10,236271.86
2026-10,259902.09
2026-10,267962.58
2026-10,296352.37
2026-10,226181.02
2026-10,1340135.34
2026-10,296592.12
2026-10,773170.21
2026-10,295879.47
2026-10,240910.65
2026-10,253780.39
2026-10,286803.18
2026-10,257851.54
2026-10,219004.22
2026-10,283104.98
2026-10,330822.5
2026-10,274882.2
2026-10,223676.54
2026-10,224477.17
2026-10,220280.29
2026-10,273479.02
2026-10,301825.83
2026-10,261344.53
2026-10,231246.55
2026-10,274178.26
2026-10,264185.24
2026-10,234358.52
2026-10,297010.91
2026-10,306445.95
2026-10,341637.8
2026-10,250079.87
2026-10,287365.86
2026-10,276126.03
2026-10,266691.7
2026-10,276950.44
2026-10,296840.59
2026-10,291009.3
2026-10,305598.76
2026-10,205439.01
2026-10,244484.81
2026-10,258208.5
2026-10,265255.9
2026-10,303671.7
2026-10,268813.06
2026-10,280715.5
2026-10,256972.82
2026-10,293528.61
2026-10,252531.03
2026-10,254641.64
2026-10,213420.92
2026-10,258715.76
2026-10,215380.75
2026-10,237611.3
2026-10,300087.97
2026-10,206449.23
2026-10,294043.93
2026-10,216433.22
2026-10,230808.51
2026-10,1269214.14
2026-10,279584.63
2026-10,1803280.53
2026-10,329831.85
2026-10,275563.06
2026-10,278989.78
2026-10,274221.99
2026-10,302321.25
2026-10,267747.2
2026-10,231278.14
2026-10,210157.26
2026-10,204226.5
2026-10,210209.03
2026-10,439812.1
2026-10,193052.8
2026-10,251301.71
2026-10,225838.14
2026-10,271321.76
2026-10,391489.73
2026-10,290368.27
2026-10,653301.51
2026-10,230738.26
2026-10,265950.07
2026-10,226684.61
2026-10,323195.8
2026-10,324425.27
2026-10,473338.24
2026-10,224595.93
2026-10,229267.25
2026-10,245166.13
2026-10,236475.55
2026-10,216734.8
2026-10,268828.75
2026-10,216292.97
2026-10,197713.85
2026-10,691249.45
2026-10,277400.4
2026-10,272288.86
2026-10,256555.27
2026-10,282568.04
2026-10,339705.53
2026-10,304409.4
2026-10,264169.63
2026-10,913785.33
2026-10,345218.42
2026-10,208016.69
2026-10,201330.54
2026-10,279973.82
2026-10,245645.81
2026-10,464486.13
2026-10,295879.47
2026-10,373304.05
2026-10,274379.14
2026-10,290877.29
2026-10,271794.37
2026-10,277160.34
2026-10,222045.43
2026-10,705698.21
2026-10,260661.92
2026-10,226229.84
2026-10,264857.1
2026-10,255832.18
2026-10,274418.23
2026-10,294377.88
2026-10,278970.03
2026-10,1565955.89
2026-10,386798.08
2026-10,224218.12
2026-10,581788.82
2026-10,240564.47
2026-10,266408.77
2026-10,200844.82
2026-10,287554.19
2026-10,275014.02
2026-10,273194.48
2026-10,225889.51
2026-10,276056.05
2026-10,683047.79
2026-10,664354.66
2026-10,287866.64
2026-10,245264.13
2026-10,349661.16
2026-10,246928.55
2026-10,461807.58
2026-10,320810.57
2026-10,280495.01
2026-10,293556.65
2026-10,289134.65
2026-10,344619.44
2026-10,212016.89
2026-10,213657.48
2026-10,217664.6
2026-10,319705.21
2026-10,593815.72
2026-10,581788.82
2026-10,221580.12
2026-10,335599.79
2026-10,216734.8
2026-10,823723.15
2026-10,264590.72
2026-10,281894.14
2026-10,269901.44
2026-10,200844.82
2026-10,422678.86
2026-10,215380.75
2026-10,264964.25
2026-10,263724.36
2026-10,216734.8
2026-10,223943.29
2026-10,215707.35
2026-10,252893.05
2026-10,299205.59
2026-10,389900.09
2026-10,363476.53
2026-10,326890.95
2026-10,214937.36
2026-10,303742.67
2026-10,217503.72
2026-10,250015.71
2026-10,256889.37
2026-10,318016.0
2026-10,209582.44
2026-10,266300.73
2026-10,331537.21
2026-10,264446.95
2026-10,385757.21
2026-10,270568.5
2026-10,205696.35
2026-10,277532.9
2026-10,232984.16
2026-10,303682.21
2026-10,223821.93
2026-10,224666.13
2026-10,203388.71
2026-10,330900.08
2026-10,267217.27
2026-10,288514.62
2026-10,265950.07
2026-10,1030977.47
2026-10,242734.41
2026-10,272560.28
2026-10,283229.23
2026-10,348084.75
2026-10,216519.74
2026-10,270377.74
2026-10,230029.78
2026-10,223598.93
2026-10,260959.86
2026-10,296312.29
2026-10,269786.35
2026-10,369211.01
2026-10,274680.36
2026-10,267569.08
2026-10,264965.25
2026-10,222495.26
2026-10,832936.37
2026-10,232986.9
2026-10,267822.39
2026-10,234029.82
2026-10,255160.78
2026-10,277186.96
2026-10,277261.02
2026-10,271342.68
2026-10,221279.9
2026-10,270854.18
2026-10,313452.42
2026-10,270248.59
2026-10,255788.78
2026-10,278678.77
2026-10,267681.41
2026-10,684788.58
2026-10,262473.03
2026-10,947767.55
2026-10,234254.52
2026-10,274859.58
2026-10,344459.85
2026-10,1151276.82
2026-10,229319.31
2026-10,212882.19
2026-10,310329.04
2026-10,282538.01
2026-10,264204.0
2026-10,285796.92
2026-10,276289.34
2026-10,307357.98
2026-10,283886.98
2026-10,238863.18
2026-10,246280.37
2026-10,222179.81
2026-10,251255.46
2026-10,224233.77
2026-10,300952.0
2026-10,271043.68
2026-10,293111.19
2026-10,233732.94
2026-10,817297.05
2026-10,254213.03
2026-10,2865473.98
2026-10,264627.65
2026-10,311450.46
2026-10,279202.25
2026-10,297774.27
2026-10,274031.08
2026-10,269098.23
2026-10,366595.18
2026-10,240763.47
2026-10,302108.56
2026-10,271398.75
2026-10,255814.12
2026-10,284872.18
2026-10,260687.0
2026-10,303742.67
2026-10,236375.32
2026-10,290054.38
2026-10,231290.43
2026-10,203453.79
2026-10,279852.14
2026-10,262827.3
2026-10,279631.18
2026-10,221288.38
2026-10,217187.24
2026-10,283985.64
2026-10,205439.01
2026-10,234666.16
2026-10,627049.81
2026-10,281329.43
2026-10,266731.61
2026-10,255033.03
2026-10,358381.54
2026-10,231182.63
2026-10,268787.96
2026-10,264222.6
2026-10,261871.06
2026-10,282103.54
2026-10,469671.54
2026-10,1788504.78
2026-10,271289.44
2026-10,218473.97
2026-10,685225.52
2026-10,365520.86
2026-10,249506.11
2026-10,223408.77
2026-10,347932.47
2026-10,270991.78
2026-10,387423.24
2026-10,1468277.31
2026-10,317208.87
2026-10,271706.62
2026-10,241477.5
2026-10,213095.62
2026-10,289948.42
2026-10,306100.05
2026-10,238409.82
2026-10,255858.33
2026-10,206768.75
2026-10,221922.25
2026-10,269749.6
2026-10,353584.14
2026-10,652223.22
2026-10,253081.08
2026-10,273849.47
2026-10,228056.06
2026-10,215714.94
2026-10,215062.96
2026-10,254519.38
2026-10,268139.61
2026-10,220806.2
2026-10,195821.26
2026-10,273560.81
2026-10,278095.88
2026-10,911082.49
2026-10,323511.56
2026-10,323428.71
2026-10,221279.9
2026-10,273560.81
2026-10,240865.22
2026-10,358651.49
2026-10,217114.57
2026-10,249421.28
2026-10,259972.35
2026-10,294948.98
2026-10,218247.8
2026-10,219920.58
2026-10,233911.54
2026-10,468494.46
2026-10,220838.56
2026-10,306013.41
2026-10,274876.29
2026-10,237290.13
2026-10,219327.11
2026-10,354236.82
2026-10,223099.95
2026-10,209071.8
2026-10,216366.23
2026-10,216276.64
2026-10,395757.52
2026-10,264734.35
2026-10,289838.72
2026-10,228034.89
2026-10,229020.2
2026-10,276414.28
2026-10,301818.19
2026-10,206449.23
2026-10,252489.6
2026-10,867280.39
2026-10,303110.97
2026-10,206800.89
2026-10,685225.52
2026-10,377293.6
2026-10,262052.59
2026-10,681402.52
2026-10,278577.28
2026-10,229630.23
2026-10,264554.87
2026-10,323221.02
2026-10,205184.06
2026-10,223602.8
2026-10,267989.14
2026-10,238737.16
2026-10,228537.66
2026-10,349725.45
2026-10,224354.52
2026-10,196442.26
2026-10,317208.87
2026-10,305488.88
2026-10,299568.94
2026-10,210678.21
2026-10,245668.56
2026-10,271753.4
2026-10,279335.08
2026-10,213981.48
2026-10,221671.71
2026-10,288908.1
2026-10,273849.47
2026-10,233684.0
2026-10,284497.61
2026-10,1148056.71
2026-10,298535.09
2026-10,220113.35
2026-10,263004.82
2026-10,209986.48
2026-10,287277.52
2026-10,1203265.65
2026-10,440543.31
2026-10,290127.78
2026-10,247964.57
2026-10,295949.04
2026-10,278821.45
2026-10,263741.16
2026-10,275405.73
2026-10,436826.27
2026-10,209465.73
2026-10,305612.31
2026-10,247295.09
2026-10,937412.71
2026-10,268787.96
2026-10,598515.41
2026-10,240910.65
2026-10,273010.1
2026-10,229346.01
2026-10,250582.64
2026-10,236307.1
2026-10,313452.42
2026-10,225046.5
2026-10,312003.71
2026-10,219739.49
2026-10,242835.53
2026-10,285571.78
2026-10,366769.56
2026-10,210389.61
2026-10,274178.26
2026-10,234727.95
2026-10,207052.3
2026-10,267569.08
2026-10,931312.92
2026-10,283596.31
2026-10,301619.22
2026-10,259811.52
2026-10,266333.7
2026-10,249627.22
2026-10,381496.91
2026-10,264222.6
2026-10,280302.75
2026-10,247092.96
2026-10,252908.53
2026-10,295162.57
2026-10,296116.23
2026-10,315767.03
2026-10,283357.86
2026-10,267532.81
2026-10,657529.36
2026-10,276998.01
2026-10,258242.21
2026-10,268642.15
2026-10,299192.61
2026-10,257049.57
2026-10,299536.08
2026-10,283187.3
2026-10,326546.36
2026-10,275014.02
2026-10,290951.1
2026-10,216075.66
2026-10,233848.6
2026-10,290127.78
2026-10,229079.09
2026-10,263346.97
2026-10,297121.86
2026-10,234614.22
2026-10,204616.02
2026-10,237211.26
2026-10,1359202.52
2026-10,331695.18
2026-10,211466.17
2026-10,2453104.45
2026-10,256511.23
2026-10,223408.18
2026-10,344200.32
2026-10,232259.14
2026-10,248798.03
2026-10,296312.29
2026-10,295046.95
2026-10,289124.8
2026-10,2096205.07
2026-10,373304.05
2026-10,260115.95
2026-10,268556.08
2026-10,303750.54
2026-10,218957.73
2026-10,264446.95
2026-10,273833.69
2026-10,230568.75
2026-10,906957.4
2026-10,219205.99
2026-10,216970.71
2026-10,220364.15
2026-10,293192.06
2026-10,266413.46
2026-10,213881.38
2026-10,227508.19
2026-10,195233.24
2026-10,296352.37
2026-10,207837.59
2026-10,312271.21
2026-10,298496.07
2026-10,288908.1
2026-10,267037.16
2026-10,226993.18
2026-10,337374.59
2026-10,268394.72
2026-10,414799.73
2026-10,218984.57
2026-10,363630.54
2026-10,300071.2
2026-10,260699.92
2026-10,278678.75
2026-10,750788.42
2026-10,230876.41
2026-10,248664.47
2026-10,367592.0
2026-10,254726.95
2026-10,212059.18
2026-10,213267.43
2026-10,440543.31
2026-10,343468.18
2026-10,265942.4
2026-10,248229.31
2026-10,246587.04
2026-10,221060.0
2026-10,285774.54
2026-10,333994.41
2026-10,324914.58
2026-10,279498.9
2026-10,234904.01
2026-10,289150.04
2026-10,219739.49
2026-10,299568.94
2026-10,225046.5
2026-10,252506.32
2026-10,208741.15
2026-10,265542.67
2026-10,253177.12
2026-10,290430.22
2026-11,268798.86
2026-11,216682.68
2026-11,252002.87
2026-11,278693.09
2026-11,259816.64
2026-11,257704.94
2026-11,252135.77
2026-11,227775.73
2026-11,644621.67
2026-11,239156.41
2026-11,265246.32
2026-11,268003.23
2026-11,242452.25
2026-11,337671.9
2026-11,215932.58
2026-11,274246.4
2026-11,604773.97
2026-11,1012758.19
2026-11,266425.62
2026-11,228763.09
2026-11,254382.95
2026-11,222027.73
2026-11,299984.66
2026-11,315137.47
2026-11,263722.56
2026-11,221118.73
2026-11,222155.32
2026-11,219421.19
2026-11,366386.19
2026-11,201236.61
2026-11,275468.95
2026-11,247720.89
2026-11,272472.95
2026-11,283207.78
2026-11,274087.99
2026-11,267427.07
2026-11,266924.88
2026-11,1052350.59
2026-11,240614.05
2026-11,215906.79
2026-11,267898.72
2026-11,219043.51
2026-11,303877.54
2026-11,201236.61
2026-11,1099809.34
2026-11,283824.02
2026-11,304506.88
2026-11,277317.48
2026-11,543116.37
2026-11,265216.19
2026-11,244457.5
2026-11,307395.18
2026-11,253166.89
2026-11,240268.55
2026-11,265549.43
2026-11,227500.26
2026-11,386160.09
2026-11,329140.4
2026-11,201690.51
2026-11,255030.82
2026-11,264252.37
2026-11,370989.6
2026-11,255412.6
2026-11,280683.76
2026-11,261522.39
2026-11,263591.59
2026-11,262672.97
2026-11,284525.63
2026-11,307395.18
2026-11,265240.02
2026-11,226757.06
2026-11,303081.4
2026-11,286869.36
2026-11,295209.23
2026-11,295842.96
2026-11,221249.43
2026-11,278528.45
2026-11,220444.5
2026-11,379993.87
2026-11,261931.37
2026-11,217710.68
2026-11,309196.97
2026-11,204646.39
2026-11,583511.49
2026-11,215955.39
2026-11,257767.2
2026-11,278219.63
2026-11,263508.28
2026-11,423469.81
2026-11,427812.22
2026-11,268912.25
2026-11,284929.99
2026-11,220059.08
2026-11,199442.38
2026-11,374535.22
2026-11,317938.55
2026-11,248455.91
2026-11,212493.28
2026-11,344948.31
2026-11,220869.57
2026-11,258317.91
2026-11,260190.66
2026-11,188841.7
2026-11,290943.32
2026-11,337795.14
2026-11,310211.95
2026-11,232988.28
2026-11,209334.85
2026-11,285493.01
2026-11,247203.11
2026-11,217216.52
2026-11,242529.17
2026-11,228689.92
2026-11,255284.2
2026-11,276365.13
2026-11,313536.15
2026-11,314085.72
2026-11,383152.8
2026-11,277058.02
2026-11,294920.47
2026-11,327656.32
2026-11,211179.06
2026-11,397211.75
2026-11,251497.89
2026-11,229775.65
2026-11,322756.74
2026-11,383146.9
2026-11,391841.98
2026-11,257422.34
2026-11,318635.28
2026-11,269717.62
2026-11,308004.96
2026-11,286427.91
2026-11,320182.08
2026-11,322520.53
2026-11,1180162.31
2026-11,218912.26
2026-11,1049743.8
2026-11,230191.78
2026-11,829976.54
2026-11,333891.89
2026-11,276468.27
2026-11,204609.72
2026-11,247287.48
2026-11,228220.61
2026-11,246521.1
2026-11,267080.42
2026-11,343706.69
2026-11,311909.68
2026-11,1072099.92
2026-11,205432.86
2026-11,257450.25
2026-11,292799.28
2026-11,274242.9
2026-11,211621.27
2026-11,246118.0
2026-11,235698.5
2026-11,218691.69
2026-11,204609.72
2026-11,237798.89
2026-11,208567.22
2026-11,271017.77
2026-11,227084.58
2026-11,824224.78
2026-11,229150.18
2026-11,266331.02
2026-11,265583.2
2026-11,263307.89
2026-11,230045.65
2026-11,257959.69
2026-11,289532.39
2026-11,278693.09
2026-11,230950.12
2026-11,278881.36
2026-11,308255.47
2026-11,255038.31
2026-11,315477.49
2026-11,285184.12
2026-11,253375.57
2026-11,204912.13
2026-11,257698.83
2026-11,266699.35
2026-11,290233.18
2026-11,220639.24
2026-11,279043.77
2026-11,271676.74
2026-11,273829.57
2026-11,204443.4
2026-11,221465.38
2026-11,243334.92
2026-11,318186.02
2026-11,301684.23
2026-11,283531.6
2026-11,304347.65
2026-11,282355.36
2026-11,211838.76
2026-11,293317.14
2026-11,683582.94
2026-11,214184.43
2026-11,301608.83
2026-11,229506.99
2026-11,226821.25
2026-11,267961.44
2026-11,200179.98
2026-11,200895.45
2026-11,233533.64
2026-11,572815.47
2026-11,212095.86
2026-11,231791.73
2026-11,258531.32
2026-11,232941.05
2026-11,212296.75
2026-11,265527.83
2026-11,374288.89
2026-11,222839.32
2026-11,267856.73
2026-11,268812.27
2026-11,214227.31
2026-11,289155.53
2026-11,300891.67
2026-11,219274.76
2026-11,214719.22
2026-11,236853.31
2026-11,258798.12
2026-11,277154.02
2026-11,252952.62
2026-11,217859.41
2026-11,251364.88
2026-11,215722.08
2026-11,204991.13
2026-11,247287.48
2026-11,239322.06
2026-11,850037.7
2026-11,293353.48
2026-11,239297.92
2026-11,278191.48
2026-11,250535.39
2026-11,299812.55
2026-11,207555.75
2026-11,241776.89
2026-11,283171.69
2026-11,217534.65
2026-11,191644.96
2026-11,277502.39
2026-11,294652.35
2026-11,229773.14
2026-11,685136.14
2026-11,289253.55
2026-11,307814.38
2026-11,259606.05
2026-11,210837.78
2026-11,273999.22
2026-11,401829.86
2026-11,518127.06
2026-11,265216.19
2026-11,225699.77
2026-11,277064.15
2026-11,218218.0
2026-11,256228.95
2026-11,2926256.36
2026-11,268912.25
2026-11,284090.33
2026-11,297339.63
2026-11,262054.56
2026-11,297814.88
2026-11,342382.23
2026-11,233037.75
2026-11,250850.9
2026-11,396441.86
2026-11,277395.37
2026-11,253684.01
2026-11,261416.6
2026-11,211670.94
2026-11,370989.6
2026-11,259274.32
2026-11,250850.9
2026-11,233643.95
2026-11,292519.34
2026-11,259730.1
2026-11,365383.36
2026-11,224906.71
2026-11,204991.13
2026-11,224102.08
2026-11,282800.85
2026-11,344948.31
2026-11,218212.88
2026-11,259270.46
2026-11,293161.48
2026-11,278805.65
2026-11,280036.75
2026-11,246130.34
2026-11,226512.9
2026-11,287289.46
2026-11,227006.52
2026-11,212685.68
2026-11,208365.35
2026-11,285889.93
2026-11,269712.68
2026-11,298541.53
2026-11,359100.96
2026-11,327923.62
2026-11,248455.91
2026-11,233831.47
2026-11,291096.78
2026-11,679909.38
2026-11,279319.12
2026-11,207387.32
2026-11,922768.32
2026-11,262774.74
2026-11,260477.11
2026-11,331602.89
2026-11,341769.57
2026-11,258505.54
2026-11,290569.21
2026-11,305655.74
2026-11,243849.63
2026-11,276336.91
2026-11,220870.22
2026-11,262280.77
2026-11,242440.49
2026-11,244513.9
2026-11,574435.59
2026-11,275919.35
2026-11,291750.59
2026-11,257155.33
2026-11,206251.2
2026-11,244274.92
2026-11,221071.75
2026-11,214377.32
2026-11,284826.92
2026-11,255342.28
2026-11,226138.52
2026-11,242963.77
2026-11,224663.12
2026-11,307395.18
2026-11,218934.24
2026-11,262542.51
2026-11,249834.28
2026-11,220455.74
2026-11,287579.85
2026-11,273098.47
2026-11,232640.86
2026-11,246744.56
2026-11,746595.45
2026-11,252257.19
2026-11,285171.53
2026-11,1815904.76
2026-11,224192.78
2026-11,268401.78
2026-11,246744.56
2026-11,221924.79
2026-11,232136.07
2026-11,334535.8
2026-11,709373.61
2026-11,267648.29
2026-11,280585.18
2026-11,638243.85
2026-11,296044.19
2026-11,300780.88
2026-11,221037.54
2026-11,694500.04
2026-11,232721.95
2026-11,238172.94
2026-11,231406.51
2026-11,203959.59
2026-11,263666.53
2026-11,269631.43
2026-11,269096.13
2026-11,271815.82
2026-11,337393.35
2026-11,248197.9
2026-11,261448.3
2026-11,229348.53
2026-11,239807.9
2026-11,250233.74
2026-11,280670.46
2026-11,245416.05
2026-11,245589.38
2026-11,327069.2
2026-11,293314.64
2026-11,207564.93
2026-11,229616.18
2026-11,331214.04
2026-11,256233.08
2026-11,283324.31
2026-11,298584.87
2026-11,209513.21
2026-11,274379.98
2026-11,277384.05
2026-11,294092.37
2026-11,231789.56
2026-11,884689.65
2026-11,324561.69
2026-11,281821.69
2026-11,268872.9
2026-11,248047.49
2026-11,257284.05
2026-11,230243.86
2026-11,308576.96
2026-11,345812.21
2026-11,210897.2
2026-11,265118.24
2026-11,207749.24
2026-11,264345.66
2026-11,216975.59
2026-11,219646.7
2026-11,279250.5
2026-11,282298.96
2026-11,230230.27
2026-11,405309.68
2026-11,313165.14
2026-11,224174.79
2026-11,314770.25
2026-11,257910.71
2026-11,277380.84
2026-11,277783.78
2026-11,262761.28
2026-11,286458.93
2026-11,283656.61
2026-11,237200.35
2026-11,252866.89
2026-11,240219.96
2026-11,219784.32
2026-11,311455.94
2026-11,194161.63
2026-11,291522.55
2026-11,267715.09
2026-11,313343.83
2026-11,271378.0
2026-11,272961.52
2026-11,304210.38
2026-11,271988.67
2026-11,250636.63
2026-11,268785.98
2026-11,255019.23
2026-11,746595.45
2026-11,266192.56
2026-11,221883.09
2026-11,245308.38
2026-11,253555.66
2026-11,283819.47
2026-11,267642.89
2026-11,289056.5
2026-11,298152.76
2026-11,572260.44
2026-11,262774.74
2026-11,266578.95
2026-11,315137.47
2026-11,284127.14
2026-11,313119.9
2026-11,268812.27
2026-11,209431.71
2026-11,293233.12
2026-11,310551.04
2026-11,221416.14
2026-11,206400.13
2026-11,290495.89
2026-11,350822.68
2026-11,205119.12
2026-11,221016.57
2026-11,207995.99
2026-11,340574.18
2026-11,233409.02
2026-11,217763.15
2026-11,279580.27
2026-11,228391.22
2026-11,597597.69
2026-11,283115.84
2026-11,280613.29
2026-11,278070.14
2026-11,315137.47
2026-11,223552.94
2026-11,268121.14
2026-11,1077232.95
2026-11,268041.35
2026-11,264811.49
2026-11,331214.04
2026-11,272165.54
2026-11,1059108.1
2026-11,275405.06
2026-11,260301.4
2026-11,296975.15
2026-11,265798.83
2026-11,253791.28
2026-11,311929.92
2026-11,301383.09
2026-11,260536.14
2026-11,722878.34
2026-11,205845.29
2026-11,270975.06
2026-11,281393.12
2026-11,351160.81
2026-11,328900.01
2026-11,344948.31
2026-11,315793.29
2026-11,223969.74
2026-11,225788.22
2026-11,302312.81
2026-11,256504.39
2026-11,1053685.75
2026-11,295055.96
2026-11,265834.8
2026-11,227901.04
2026-11,250850.9
2026-11,297654.63
2026-11,275244.79
2026-11,274069.96
2026-11,221924.79
2026-11,249779.85
2026-11,249548.14
2026-11,660153.75
2026-11,275007.88
2026-11,271467.89
2026-11,249006.11
2026-11,219351.92
2026-11,226157.11
2026-11,214422.52
2026-11,320305.85
2026-11,215899.07
2026-11,314847.83
2026-11,290348.49
2026-11,286022.27
2026-11,259448.16
2026-11,208368.61
2026-11,269795.74
2026-11,301498.93
2026-11,225787.88
2026-11,285849.14
2026-11,224080.45
2026-11,219128.87
2026-11,283824.02
2026-11,288031.24
2026-11,301826.1
2026-11,247066.37
2026-11,274960.56
2026-11,225641.97
2026-11,270227.68
2026-11,221908.99
2026-11,227775.73
2026-11,348013.0
2026-11,379476.21
2026-11,270135.77
2026-11,269057.48
2026-11,256951.53
2026-11,256700.8
2026-11,276696.05
2026-11,274615.61
2026-11,327069.2
2026-11,219154.39
2026-11,268641.2
2026-11,292170.87
2026-11,1059108.1
2026-11,278448.76
2026-11,503597.29
2026-11,275993.96
2026-11,288312.57
2026-11,269034.49
2026-11,293947.92
2026-11,308878.89
2026-11,274102.67
2026-11,247597.24
2026-11,285765.76
2026-11,268131.63
2026-11,571670.04
2026-11,367530.91
2026-11,386817.1
2026-11,256282.25
2026-11,303523.77
2026-11,405309.68
2026-11,249241.95
2026-11,224712.88
2026-11,320305.85
2026-11,367608.79
2026-11,241520.21
2026-11,280043.76
2026-11,206105.99
2026-11,283819.47
2026-11,259980.54
2026-11,256459.04
2026-11,267967.12
2026-11,285606.16
2026-11,316905.12
2026-11,325841.74
2026-11,209078.46
2026-11,226950.17
2026-11,254494.52
2026-11,204912.13
2026-11,366386.19
2026-11,292807.37
2026-11,306640.39
2026-11,231620.09
2026-11,219664.31
2026-11,656037.7
2026-11,217585.55
2026-11,262178.37
2026-11,226157.11
2026-11,301652.86
2026-11,229150.18
2026-11,1069447.68
2026-11,288235.84
2026-11,415990.84
2026-11,252145.22
2026-11,242726.49
2026-11,287598.3
2026-11,267701.09
2026-11,276628.66
2026-11,274246.4
2026-11,242726.49
2026-11,203084.22
2026-11,239264.23
2026-11,262667.67
2026-11,300364.14
2026-11,287593.74
2026-11,283984.3
2026-11,268708.89
2026-11,289251.46
2026-11,224535.99
2026-11,213226.46
2026-11,230484.69
2026-11,205334.07
2026-11,209371.4
2026-11,235573.41
2026-11,214638.04
2026-11,302015.88
2026-11,211641.52
2026-11,264997.64
2026-11,421170.66
2026-11,324635.3
2026-11,299143.28
2026-11,331740.34
2026-11,264042.48
2026-11,208010.16
2026-11,279819.99
2026-11,317553.88
2026-11,284685.37
2026-11,828883.94
2026-11,332115.35
2026-11,238647.76
2026-11,221722.79
2026-11,215019.96
2026-11,230667.0
2026-11,305898.06
2026-11,254872.79
2026-11,238172.94
2026-11,320225.38
2026-11,280129.83
2026-11,329029.7
2026-11,275190.08
2026-11,272197.17
2026-11,256718.63
2026-11,233482.36
2026-11,231201.33
2026-11,275538.04
2026-11,304863.98
2026-11,966591.33
2026-11,196991.18
2026-11,418330.84
2026-11,263239.32
2026-11,204218.15
2026-11,308255.47
2026-11,305182.37
2026-11,271650.33
2026-11,806103.43
2026-11,256989.53
2026-11,246642.18
2026-11,277729.55
2026-11,224080.45
2026-11,272701.34
2026-11,269205.76
2026-11,265920.97
2026-11,237934.42
2026-11,231150.58
2026-11,248613.56
2026-11,239194.23
2026-11,278839.61
2026-11,368354.38
2026-11,250864.59
2026-11,214306.59
2026-11,318083.18
2026-11,227006.52
2026-11,331658.45
2026-11,329686.15
2026-11,270741.59
2026-11,1265493.91
2026-11,265920.97
2026-11,291326.36
2026-11,258424.09
2026-11,227952.32
2026-11,211881.91
2026-11,314712.19
2026-11,286302.76
2026-11,270694.9
2026-11,534061.63
2026-11,311929.92
2026-11,277092.66
2026-11,276696.05
2026-11,271543.63
2026-11,294712.28
2026-11,655471.95
2026-11,252621.81
2026-11,267143.2
2026-11,226364.87
2026-11,228986.95
2026-11,302491.34
2026-11,222607.98
2026-11,332361.62
2026-11,222751.11
2026-11,221104.83
2026-11,515649.62
2026-11,211621.27
2026-11,304067.2
2026-11,247720.89
2026-11,263270.7
2026-11,252868.16
2026-11,259600.36
2026-11,304314.7
2026-11,200106.94
2026-11,273083.06
2026-11,219580.92
2026-11,254960.92
2026-11,326319.75
2026-11,250335.26
2026-11,284138.39
2026-11,269268.7
2026-11,324147.38
2026-11,265023.83
2026-11,310885.93
2026-11,248767.47
2026-11,215662.82
2026-11,262506.86
2026-11,253766.07
2026-11,282570.31
2026-11,285887.11
2026-11,226639.85
2026-11,216684.62
2026-11,258206.29
2026-11,252731.91
2026-11,284340.16
2026-11,379476.21
2026-11,334895.34
2026-11,284863.66
2026-11,308878.89
2026-11,237990.75
2026-11,252135.77
2026-11,201236.61
2026-11,737285.56
2026-11,218453.76
2026-11,207686.44
2026-11,285445.71
2026-11,314608.57
2026-11,237715.7
2026-11,241373.91
2026-11,204349.99
2026-11,265920.43
2026-11,212409.59
2026-11,214461.13
2026-11,286869.36
2026-11,222408.55
2026-11,207140.11
2026-11,210290.38
2026-11,313343.83
2026-11,246129.99
2026-11,229805.12
2026-11,262835.59
2026-11,763373.43
2026-11,396441.86
2026-11,260536.14
2026-11,352948.67
2026-11,382125.0
2026-11,281393.12
2026-11,201543.52
2026-11,252868.16
2026-11,196350.32
2026-11,228392.01
2026-11,255712.01
2026-11,337818.27
2026-11,277743.84
2026-11,293219.0
2026-11,305205.06
2026-11,349032.21
2026-11,298513.82
2026-11,276414.32
2026-11,216684.62
2026-11,273180.12
2026-11,264573.17
2026-11,359100.96
2026-11,279514.81
2026-11,307195.3
2026-11,233726.57
2026-11,1032541.42
2026-11,549625.72
2026-11,317175.11
2026-11,2843728.04
2026-11,238172.94
2026-11,298608.04
2026-11,315793.29
2026-11,326038.5
2026-11,287449.54
2026-11,259980.54
2026-11,263491.22
2026-11,231377.46
2026-11,252621.81
2026-11,210899.9
2026-11,229056.49
2026-11,423469.81
2026-11,227634.53
2026-11,295404.59
2026-11,218937.62
2026-11,278130.7
2026-11,253485.47
2026-11,246129.99
2026-11,223958.1
2026-11,217027.98
2026-11,226157.11
2026-11,257192.63
2026-11,269743.35
2026-11,253655.75
2026-11,229968.39
2026-11,290252.94
2026-11,661536.06
2026-11,257155.33
2026-11,302896.18
2026-11,219419.42
2026-11,525390.5
2026-11,241686.87
2026-11,285887.11
2026-11,1127903.14
2026-11,254591.55
2026-11,280567.79
2026-11,278880.06
2026-11,263217.06
2026-11,262114.21
2026-11,296209.33
2026-11,256459.04
2026-11,304838.48
2026-11,259270.46
2026-11,275320.49
2026-11,270653.99
2026-11,232660.75
2026-11,285048.52
2026-11,547924.93
2026-11,279514.81
2026-11,210220.04
2026-11,240451.83
2026-11,217238.7
2026-11,262114.21
2026-11,360181.97
2026-11,316905.12
2026-11,245931.21
2026-11,276688.48
2026-11,357928.31
2026-11,246068.98
2026-11,216336.37
2026-11,207895.46
2026-11,858609.68
2026-11,337352.22
2026-11,193576.63
2026-11,478453.58
2026-11,267330.25
2026-11,253097.39
2026-11,268872.9
2026-11,299476.09
2026-11,205570.17
2026-11,309444.81
2026-11,204443.4
2026-11,318211.72
2026-11,311702.29
2026-11,218691.69
2026-11,1001925.3
2026-11,1237602.73
2026-11,258560.26
2026-11,269281.39
2026-11,271173.3
2026-11,266384.23
2026-11,287395.99
2026-11,297654.63
2026-11,305571.46
2026-11,261384.47
2026-11,262997.57
2026-11,648264.84
2026-11,291175.09
2026-11,303565.76
2026-11,254370.97
2026-11,280432.8
2026-11,300276.09
2026-11,277502.39
2026-11,272491.47
2026-11,298844.69
2026-11,217144.52
2026-11,549625.72
2026-11,365219.46
2026-11,267118.58
2026-11,280453.52
2026-11,205367.78
2026-11,302064.72
2026-11,333586.4
2026-11,266763.22
2026-11,273785.87
2026-11,253555.66
2026-11,267344.63
2026-11,265111.99
2026-11,273881.96
2026-11,263707.04
2026-11,421457.02
2026-11,627345.87
2026-11,207895.46
2026-11,251735.15
2026-11,196159.01
2026-11,283088.94
2026-11,227469.35
2026-11,275744.64
2026-11,224813.0
2026-11,287076.21
2026-11,245239.33
2026-11,271798.86
2026-11,352948.67
2026-11,250325.06
2026-11,205502.54
2026-11,220513.36
2026-11,240221.58
2026-11,241583.28
2026-11,256714.24
2026-11,326680.73
2026-11,274699.01
2026-11,268785.98
2026-11,315135.8
2026-11,254971.45
2026-11,225967.28
2026-11,333611.99
2026-11,803874.77
2026-11,265926.77
2026-11,214031.37
2026-11,285746.42
2026-11,806103.43
2026-11,266978.51
2026-11,773214.03
2026-11,327591.93
2026-11,224848.2
2026-11,252314.22
2026-11,221118.73
2026-11,221178.72
2026-11,221183.74
2026-11,280114.83
2026-11,397211.75
2026-11,228938.24
2026-11,276336.36
2026-11,297035.29
2026-11,297327.82
2026-11,615076.84
2026-11,284272.6
2026-11,232136.07
2026-11,282299.92
2026-11,303128.9
2026-11,211380.76
2026-11,233098.0
2026-11,227175.09
2026-11,250591.58
2026-11,231281.81
2026-11,299420.57
2026-11,268514.66
2026-11,291440.79
2026-11,238680.37
2026-11,296746.32
2026-11,257975.82
2026-11,215906.79
2026-11,207367.66
2026-11,285889.93
2026-11,438061.89
2026-11,278016.02
2026-11,257332.63
2026-11,226731.64
2026-11,365219.46
2026-11,205056.3
2026-11,290935.33
2026-11,226600.37
2026-11,245308.38
2026-11,305218.37
2026-11,694059.6
2026-11,254482.79
2026-11,307395.18
2026-11,299346.1
2026-11,286715.67
2026-11,247858.86
2026-11,273090.04
2026-11,290126.25
2026-11,202748.17
2026-11,220179.39
2026-11,201389.51
2026-11,234133.42
2026-11,227807.48
2026-11,251716.01
2026-11,224884.47
2026-11,272849.97
2026-11,246993.05
2026-11,321949.93
2026-11,255381.18
2026-11,216856.7
2026-11,254235.3
2026-11,292823.68
2026-11,369290.19
2026-12,222344.88
2026-12,939626.81
2026-12,226091.48
2026-12,207840.21
2026-12,222928.23
2026-12,307693.03
2026-12,233344.58
2026-12,226664.87
2026-12,286557.11
2026-12,219952.54
2026-12,265668.73
2026-12,306151.8
2026-12,366658.23
2026-12,326570.86
2026-12,283796.96
2026-12,287601.75
2026-12,581367.14
2026-12,296555.61
2026-12,227146.11
2026-12,241682.73
2026-12,240660.58
2026-12,283131.15
2026-12,270398.2
2026-12,270993.62
2026-12,253059.5
2026-12,284364.48
2026-12,225913.83
2026-12,263406.85
2026-12,250816.18
2026-12,216633.62
2026-12,322560.01
2026-12,231183.79
2026-12,297547.28
2026-12,430373.46
2026-12,273683.26
2026-12,202733.04
2026-12,230445.86
2026-12,388709.2
2026-12,257985.49
2026-12,229429.03
2026-12,215756.83
2026-12,251552.82
2026-12,272803.91
2026-12,298917.88
2026-12,262833.58
2026-12,279687.67
2026-12,326570.86
2026-12,232586.8
2026-12,233904.31
2026-12,188379.6
2026-12,205922.27
2026-12,271770.76
2026-12,287759.61
2026-12,262145.26
2026-12,206927.21
2026-12,219827.93
2026-12,292307.27
2026-12,212030.07
2026-12,236919.77
2026-12,240283.11
2026-12,278078.76
2026-12,401333.74
2026-12,294414.68
2026-12,268308.17
2026-12,284319.05
2026-12,292130.88
2026-12,232902.56
2026-12,775327.16
2026-12,265792.17
2026-12,238999.97
2026-12,954999.6
2026-12,287657.53
2026-12,219745.91
2026-12,226701.62
2026-12,297493.08
2026-12,210815.42
2026-12,272739.42
2026-12,744412.29
2026-12,241105.68
2026-12,245714.02
2026-12,224651.44
2026-12,214838.25
2026-12,313214.74
2026-12,296123.99
2026-12,262279.92
2026-12,1422057.84
2026-12,254402.5
2026-12,264415.13
2026-12,237228.02
2026-12,262163.89
2026-12,320300.6
2026-12,280104.62
2026-12,273676.01
2026-12,276419.78
2026-12,244362.25
2026-12,282389.32
2026-12,258879.87
2026-12,291111.17
2026-12,264187.2
2026-12,271769.6
2026-12,230782.2
2026-12,255384.0
2026-12,270451.03
2026-12,407081.33
2026-12,207389.85
2026-12,220199.81
2026-12,185758.11
2026-12,257828.36
2026-12,345528.22
2026-12,208019.1
2026-12,270983.4
2026-12,261387.64
2026-12,978567.5
2026-12,305799.65
2026-12,329411.39
2026-12,453056.05
2026-12,257320.45
2026-12,267319.78
2026-12,310583.26
2026-12,211065.09
2026-12,216752.97
2026-12,301499.76
2026-12,239307.31
2026-12,275690.46
2026-12,222964.92
2026-12,283518.62
2026-12,373368.95
2026-12,287204.74
2026-12,268809.69
2026-12,286343.8
2026-12,528582.52
2026-12,634261.48
2026-12,731095.99
2026-12,290599.88
2026-12,205993.18
2026-12,297355.3
2026-12,297178.2
2026-12,204191.52
2026-12,201876.61
2026-12,210932.94
2026-12,434500.62
2026-12,215344.96
2026-12,254971.37
2026-12,291639.18
2026-12,304034.71
2026-12,255386.7
2026-12,280933.38
2026-12,339900.9
2026-12,278062.5
2026-12,299133.7
2026-12,204773.44
2026-12,278598.1
2026-12,261961.3
2026-12,211493.05
2026-12,332803.93
2026-12,407808.51
2026-12,360352.83
2026-12,280933.38
2026-12,296543.04
2026-12,311022.22
2026-12,274436.04
2026-12,253815.33
2026-12,208196.66
2026-12,201486.28
2026-12,278471.01
2026-12,223769.73
2026-12,299780.23
2026-12,294473.62
2026-12,205627.38
2026-12,204345.6
2026-12,279157.97
2026-12,270107.8
2026-12,225547.24
2026-12,210585.92
2026-12,206000.0
2026-12,257963.85
2026-12,307712.79
2026-12,274059.34
2026-12,267680.22
2026-12,244828.6
2026-12,225635.73
2026-12,243760.21
2026-12,667946.03
2026-12,215430.2
2026-12,294785.51
2026-12,223076.24
2026-12,225191.79
2026-12,311364.58
2026-12,293168.95
2026-12,309112.25
2026-12,311781.63
2026-12,371252.62
2026-12,238571.77
2026-12,272047.61
2026-12,280403.27
2026-12,217977.43
2026-12,310583.26
2026-12,271546.11
2026-12,337092.34
2026-12,243105.03
2026-12,307700.96
2026-12,232304.37
2026-12,316198.66
2026-12,1340732.19
2026-12,204202.79
2026-12,304717.38
2026-12,212906.61
2026-12,384420.07
2026-12,285382.37
2026-12,295425.8
2026-12,241032.72
2026-12,262264.34
2026-12,334426.65
2026-12,219967.4
2026-12,284799.42
2026-12,217752.54
2026-12,202500.71
2026-12,222256.89
2026-12,216145.41
2026-12,1081130.96
2026-12,245695.71
2026-12,664698.35
2026-12,246015.63
2026-12,223847.62
2026-12,207282.79
2026-12,311354.17
2026-12,356430.29
2026-12,251738.14
2026-12,298477.44
2026-12,277346.5
2026-12,284261.1
2026-12,263036.83
2026-12,264368.89
2026-12,256954.23
2026-12,230338.28
2026-12,300255.14
2026-12,308806.89
2026-12,280399.98
2026-12,263979.93
2026-12,282178.71
2026-12,216362.66
2026-12,227354.65
2026-12,209526.63
2026-12,322796.7
2026-12,301883.33
2026-12,224725.19
2026-12,231985.04
2026-12,272480.31
2026-12,293572.28
2026-12,265439.27
2026-12,310583.26
2026-12,228000.9
2026-12,296563.48
2026-12,304347.76
2026-12,284345.39
2026-12,246824.83
2026-12,248728.04
2026-12,310229.79
2026-12,523845.77
2026-12,256717.86
2026-12,249516.92
2026-12,268655.6
2026-12,207201.89
2026-12,266021.46
2026-12,297547.28
2026-12,261938.64
2026-12,322570.89
2026-12,295699.13
2026-12,265515.17
2026-12,262669.84
2026-12,318199.42
2026-12,289395.71
2026-12,175064.45
2026-12,309168.46
2026-12,365366.04
2026-12,268141.77
2026-12,285455.7
2026-12,307649.68
2026-12,302194.15
2026-12,332948.41
2026-12,309334.32
2026-12,330785.17
2026-12,235209.55
2026-12,285382.67
2026-12,946291.22
2026-12,280950.5
2026-12,350422.41
2026-12,241982.08
2026-12,346208.29
2026-12,289612.61
2026-12,241832.18
2026-12,341180.17
2026-12,232478.17
2026-12,829875.36
2026-12,256530.1
2026-12,633451.2
2026-12,234466.0
2026-12,286035.0
2026-12,743046.97
2026-12,287231.49
2026-12,273513.79
2026-12,268092.77
2026-12,248592.67
2026-12,285180.83
2026-12,280403.27
2026-12,293370.81
2026-12,211725.65
2026-12,283644.97
2026-12,240684.29
2026-12,465956.29
2026-12,261138.99
2026-12,260215.22
2026-12,278344.16
2026-12,283100.98
2026-12,233441.06
2026-12,190978.07
2026-12,221097.53
2026-12,335386.27
2026-12,231002.58
2026-12,180369.0
2026-12,279230.96
2026-12,279588.97
2026-12,308806.89
2026-12,734438.66
2026-12,269076.86
2026-12,261831.43
2026-12,222344.88
2026-12,262638.67
2026-12,287492.89
2026-12,241153.27
2026-12,224709.16
2026-12,258709.82
2026-12,1418641.71
2026-12,228091.95
2026-12,322431.29
2026-12,319662.12
2026-12,219195.54
2026-12,409926.31
2026-12,291363.03
2026-12,345240.22
2026-12,229600.1
2026-12,297589.73
2026-12,295606.9
2026-12,343823.67
2026-12,240085.12
2026-12,238945.63
2026-12,293296.69
2026-12,262047.5
2026-12,256511.07
2026-12,293549.7
2026-12,548730.67
2026-12,294941.05
2026-12,307700.69
2026-12,300255.14
2026-12,305083.08
2026-12,300684.75
2026-12,253841.33
2026-12,350952.87
2026-12,263170.21
2026-12,224548.36
2026-12,345528.22
2026-12,348832.11
2026-12,211907.28
2026-12,315188.51
2026-12,304193.07
2026-12,242205.48
2026-12,276815.81
2026-12,250445.34
2026-12,233208.61
2026-12,232303.67
2026-12,212741.98
2026-12,2025230.48
2026-12,269011.32
2026-12,299630.82
2026-12,262163.89
2026-12,291670.6
2026-12,222256.89
2026-12,942745.37
2026-12,278396.94
2026-12,257461.03
2026-12,307712.79
2026-12,570550.32
2026-12,322353.49
2026-12,298917.88
2026-12,187758.82
2026-12,276419.78
2026-12,267220.43
2026-12,288603.45
2026-12,292893.72
2026-12,213816.16
2026-12,268608.04
2026-12,734438.66
2026-12,408995.77
2026-12,215499.3
2026-12,363400.53
2026-12,247678.55
2026-12,265228.26
2026-12,516667.59
2026-12,236196.56
2026-12,326971.34
2026-12,204186.47
2026-12,218897.73
2026-12,258567.55
2026-12,470733.23
2026-12,283984.14
2026-12,287522.98
2026-12,193536.84
2026-12,209674.37
2026-12,569375.72
2026-12,272047.61
2026-12,249122.8
2026-12,370820.01
2026-12,203551.25
2026-12,276401.84
2026-12,291686.64
2026-12,283835.41
2026-12,267372.25
2026-12,285410.68
2026-12,243228.51
2026-12,281047.39
2026-12,259460.01
2026-12,260625.72
2026-12,229314.95
2026-12,236551.12
2026-12,241784.13
2026-12,241619.18
2026-12,264289.14
2026-12,227517.48
2026-12,258708.21
2026-12,207269.86
2026-12,275740.74
2026-12,279883.97
2026-12,314804.95
2026-12,5652372.05
2026-12,349651.49
2026-12,282773.95
2026-12,273841.06
2026-12,267600.31
2026-12,291363.03
2026-12,389410.04
2026-12,292430.18
2026-12,296950.19
2026-12,290196.15
2026-12,279067.27
2026-12,629416.5
2026-12,231469.91
2026-12,267368.84
2026-12,281687.66
2026-12,332615.08
2026-12,418068.25
2026-12,288421.59
2026-12,216144.56
2026-12,232273.73
2026-12,271486.81
2026-12,231350.53
2026-12,372689.61
2026-12,318199.42
2026-12,227243.71
2026-12,277852.54
2026-12,327152.58
2026-12,279067.27
2026-12,286798.44
2026-12,231077.17
2026-12,231874.32
2026-12,232488.08
2026-12,365826.29
2026-12,262048.92
2026-12,285067.39
2026-12,231981.14
2026-12,214984.02
2026-12,296484.96
2026-12,272443.63
2026-12,567780.77
2026-12,528582.52
2026-12,267319.78
2026-12,261980.97
2026-12,215519.15
2026-12,224387.15
2026-12,403583.94
2026-12,266724.43
2026-12,254301.03
2026-12,346254.08
2026-12,282383.8
2026-12,349783.68
2026-12,284980.49
2026-12,274192.0
2026-12,652391.71
2026-12,258394.33
2026-12,1418641.71
2026-12,259682.05
2026-12,219356.94
2026-12,222256.89
2026-12,282383.8
2026-12,205644.13
2026-12,276065.54
2026-12,292160.85
2026-12,258121.95
2026-12,302042.98
2026-12,338767.19
2026-12,194628.34
2026-12,266021.46
2026-12,238739.39
2026-12,218666.5
2026-12,495511.04
2026-12,206601.39
2026-12,371252.62
2026-12,278847.45
2026-12,219093.64
2026-12,273286.08
2026-12,257383.19
2026-12,303005.73
2026-12,797370.64
2026-12,620051.0
2026-12,272528.22
2026-12,263588.59
2026-12,976983.73
2026-12,333992.64
2026-12,260857.19
2026-12,307649.68
2026-12,262638.67
2026-12,245666.1
2026-12,190434.69
2026-12,201783.63
2026-12,257273.99
2026-12,253435.43
2026-12,505276.93
2026-12,272443.63
2026-12,220613.54
2026-12,354104.61
2026-12,258879.87
2026-12,263281.6
2026-12,227960.77
2026-12,269723.08
2026-12,282333.21
2026-12,212370.21
2026-12,233208.61
2026-12,221884.65
2026-12,1130867.96
2026-12,251627.83
2026-12,278519.84
2026-12,228325.04
2026-12,210267.1
2026-12,240080.21
2026-12,319997.2
2026-12,300984.72
2026-12,219967.4
2026-12,300205.21
2026-12,273708.82
2026-12,381677.89
2026-12,197348.3
2026-12,300175.38
2026-12,286917.36
2026-12,731541.98
2026-12,273045.95
2026-12,273032.04
2026-12,262669.05
2026-12,264518.8
2026-12,316746.79
2026-12,1399986.79
2026-12,271770.76
2026-12,345495.86
2026-12,264694.09
2026-12,313065.08
2026-12,229426.03
2026-12,220057.45
2026-12,264173.78
2026-12,660873.59
2026-12,207039.55
2026-12,461705.48
2026-12,358553.49
2026-12,253435.43
2026-12,228000.9
2026-12,246348.04
2026-12,349783.68
2026-12,268147.16
2026-12,227961.41
2026-12,207417.61
2026-12,254723.44
2026-12,265396.68
2026-12,349723.78
2026-12,212594.1
2026-12,214370.14
2026-12,300255.14
2026-12,286941.25
2026-12,228748.7
2026-12,250380.49
2026-12,234577.16
2026-12,291639.18
2026-12,255843.33
2026-12,267062.64
2026-12,281139.0
2026-12,281430.54
2026-12,763094.18
2026-12,287689.31
2026-12,238571.77
2026-12,292252.91
2026-12,199767.55
2026-12,256677.46
2026-12,298721.37
2026-12,283942.65
2026-12,293857.01
2026-12,231221.87
2026-12,261983.43
2026-12,273705.04
2026-12,283684.07
2026-12,224639.45
2026-12,287907.06
2026-12,308686.93
2026-12,299794.96
2026-12,239800.03
2026-12,289572.55
2026-12,308742.18
2026-12,264086.98
2026-12,309320.59
2026-12,259551.47
2026-12,239574.71
2026-12,277098.79
2026-12,230674.18
2026-12,240684.29
2026-12,247375.7
2026-12,237645.59
2026-12,249224.0
2026-12,293050.44
2026-12,272443.63
2026-12,296543.04
2026-12,298998.82
2026-12,296626.44
2026-12,221439.28
2026-12,304292.26
2026-12,242614.69
2026-12,310217.48
2026-12,293858.01
2026-12,255857.2
2026-12,230328.38
2026-12,239335.38
2026-12,192752.33
2026-12,219572.74
2026-12,284167.03
2026-12,241866.5
2026-12,255420.5
2026-12,298645.34
2026-12,297925.18
2026-12,303471.27
2026-12,235545.53
2026-12,299816.56
2026-12,281687.66
2026-12,295311.5
2026-12,221525.7
2026-12,230297.38
2026-12,227562.85
2026-12,213816.16
2026-12,307700.82
2026-12,340130.96
2026-12,312227.19
2026-12,215751.96
2026-12,378386.58
2026-12,424553.25
2026-12,229700.79
2026-12,278056.19
2026-12,264906.97
2026-12,224346.66
2026-12,297547.28
2026-12,260393.03
2026-12,196837.82
2026-12,664367.74
2026-12,312398.31
2026-12,282200.09
2026-12,200622.73
2026-12,343780.98
2026-12,267528.04
2026-12,222928.23
2026-12,251114.67
2026-12,290188.0
2026-12,279239.15
2026-12,355878.95
2026-12,890610.17
2026-12,766656.87
2026-12,272691.05
2026-12,415972.61
2026-12,304242.62
2026-12,295126.19
2026-12,283113.16
2026-12,210028.87
2026-12,187758.82
2026-12,264436.31
2026-12,284525.7
2026-12,320587.37
2026-12,393385.15
2026-12,216743.62
2026-12,261999.47
2026-12,1110468.8
2026-12,260540.78
2026-12,1161194.73
2026-12,303026.36
2026-12,290027.92
2026-12,357592.48
2026-12,295902.99
2026-12,285528.43
2026-12,278121.31
2026-12,280600.72
2026-12,439497.24
2026-12,302744.72
2026-12,223921.61
2026-12,280933.38
2026-12,262876.05
2026-12,273676.01
2026-12,223315.4
2026-12,258330.28
2026-12,253145.53
2026-12,210334.25
2026-12,305100.47
2026-12,214066.06
2026-12,258535.44
2026-12,254359.85
2026-12,349469.93
2026-12,279347.19
2026-12,253195.29
2026-12,336326.86
2026-12,203272.42
2026-12,299128.02
2026-12,379775.81
2026-12,339352.88
2026-12,285067.39
2026-12,247413.56
2026-12,268971.94
2026-12,315188.51
2026-12,219868.16
2026-12,712525.92
2026-12,248258.63
2026-12,332163.34
2026-12,291604.76
2026-12,303412.8
2026-12,236509.25
2026-12,299727.31
2026-12,215669.12
2026-12,349978.05
2026-12,246033.64
2026-12,299794.96
2026-12,273531.78
2026-12,221855.44
2026-12,351103.98
2026-12,318524.7
2026-12,226884.11
2026-12,262048.92
2026-12,297925.18
2026-12,273460.68
2026-12,246823.96
2026-12,253657.37
2026-12,273960.22
2026-12,699962.16
2026-12,287360.14
2026-12,287293.26
2026-12,212867.44
2026-12,294806.15
2026-12,237791.42
2026-12,212650.79
2026-12,278214.11
2026-12,379775.81
2026-12,325850.66
2026-12,306877.74
2026-12,275040.27
2026-12,223769.73
2026-12,215809.25
2026-12,266497.64
2026-12,386076.08
2026-12,255371.64
2026-12,278471.01
2026-12,215129.88
2026-12,231943.11
2026-12,276674.63
2026-12,282943.18
2026-12,275300.76
2026-12,281489.35
2026-12,272619.92
2026-12,261138.99
2026-12,243192.22
2026-12,1563557.89
2026-12,479870.61
2026-12,235189.66
2026-12,328733.87
2026-12,273485.5
2026-12,226753.53
2026-12,251994.27
2026-12,228150.47
2026-12,268503.98
2026-12,879956.29
2026-12,1364881.11
2026-12,465956.29
2026-12,221832.2
2026-12,222780.38
2026-12,261910.14
2026-12,435596.61
2026-12,244213.61
2026-12,287126.36
2026-12,707235.58
2026-12,271845.58
2026-12,241982.08
2026-12,307168.07
2026-12,311449.96
2026-12,273354.91
2026-12,255386.7
2026-12,287759.61
2026-12,221517.26
2026-12,204381.05
2026-12,300604.51
2026-12,296416.0
2026-12,267319.78
2026-12,266064.24
2026-12,261111.24
2026-12,307700.96
2026-12,305602.2
2026-12,301911.61
2026-12,261494.29
2026-12,287224.29
2026-12,208825.45
2026-12,251738.14
2026-12,283731.9
2026-12,221916.26
2026-12,268521.8
2026-12,687330.71
2026-12,306805.46
2026-12,267475.79
2026-12,307448.2
2026-12,206115.08
2026-12,283100.98
2026-12,283100.98
2026-12,278480.65
2026-12,211285.93
2026-12,290608.56
2026-12,297486.11
2026-12,261831.43
2026-12,348735.41
2026-12,298438.63
2026-12,216912.13
2026-12,225754.96
2026-12,286343.8
2026-12,202500.71
2026-12,195738.9
2026-12,210574.34
2026-12,253727.41
2026-12,199767.55
2026-12,298369.73
2026-12,268147.16
2026-12,387046.25
2026-12,345312.51
2026-12,261979.88
2026-12,205153.34
2026-12,278056.19
2026-12,344209.05
2026-12,197350.7
2026-12,626977.22
2026-12,332615.08
2026-12,230541.73
2026-12,529524.67
2026-12,218190.98
2026-12,190606.61
2026-12,223892.28
2026-12,237228.02
2026-12,277762.46
2026-12,327243.25
2026-12,339352.88
2026-12,257963.85
2026-12,283086.06
2026-12,277141.2
2026-12,254686.38
2026-12,267404.57
2026-12,250799.61
2026-12,297323.41
2026-12,212898.57
2026-12,268656.0
2026-12,208299.38
2026-12,308591.61
2026-12,212441.76
2026-12,358686.63
2026-12,267478.8
2026-12,301614.71
2026-12,233775.06
2026-12,275850.29
2026-12,281388.31
2026-12,211880.89
2026-12,204345.6
2026-12,306686.05
2026-12,291742.32
2026-12,225587.81
2026-12,227661.49
2026-12,220141.16
2026-12,293200.41
2026-12,269065.84
2026-12,275932.93
2026-12,549982.35
2026-12,240085.12
2026-12,241982.08
2026-12,318305.89
2026-12,317149.2
2026-12,295184.64
2026-12,422615.34
2026-12,298189.02
2026-12,280186.21
2026-12,296484.96
2026-12,214370.14
2026-12,311716.96
2026-12,295699.13
2026-12,297327.99
2026-12,200622.73
2026-12,288232.91
2026-12,221832.2
2026-12,366965.72
2026-12,208042.14
2026-12,299028.83
2026-12,298902.13
2026-12,242060.95
2026-12,213595.27
2026-12,251992.11
2026-12,287430.69
2026-12,216931.31
2026-12,391760.76
2026-12,231775.88
2026-12,262527.91
2026-12,200129.5
2026-12,547606.69
2026-12,271826.31
2026-12,319044.45
2026-12,270107.8
2026-12,567038.62
2026-12,257306.06
2026-12,306151.8
2026-12,275244.13
2026-12,175064.45
2026-12,265225.79
2026-12,205161.29
2026-12,219195.54
2026-12,262145.26
2026-12,271479.95
2026-12,528582.52
2026-12,268913.46
2026-12,241952.19
2026-12,1297861.12
2026-12,279508.9
2026-12,320481.57
2026-12,365826.29
2026-12,231541.46
2026-12,231775.88
2026-12,366104.12
2026-12,253544.06
2026-12,212906.61
2026-12,274265.9
2026-12,384945.19
2026-12,287440.56
2026-12,210307.08
2026-12,278844.23
2026-12,259885.03
2026-12,728499.67
2026-12,458531.29
2026-12,304017.61
2026-12,645682.9
2026-12,207332.65
2026-12,206546.3
2026-12,215509.54
2026-12,311042.86
2026-12,303208.08
2026-12,241769.71
2026-12,273133.58
2026-12,398887.18
2026-12,240779.25
2026-12,230445.86
2026-12,269586.42
2026-12,268391.59
2026-12,282541.46
2026-12,217412.66
2026-12,246348.04
2026-12,306885.14
2026-12,613139.0
2026-12,225913.83
2026-12,224259.87
2026-12,298419.07
2026-12,802060.87
2026-12,586214.68
2026-12,226251.57
2026-12,276432.38
2026-12,324940.04
2026-12,257789.08
2026-12,677481.83
2026-12,280952.82
2026-12,238841.11
2026-12,354104.61
2026-12,205340.43
2026-12,930409.81
2026-12,256869.04
2026-12,215245.64
2026-12,308025.2
2026-12,267062.64
2026-12,231943.11
2026-12,357592.48
2026-12,273020.68
2026-12,210515.06
2026-12,326851.29
2026-12,246637.31
2026-12,297278.41
2026-12,278922.78
2026-12,254301.03
